created_utc,score,title
1358694436.0,2599,This guy.
1363046245.0,2492,I'm playing fallout 3 for the first time. Sometimes the dialogue options hit the nail right on the goddam head.
1353881882.0,2442,Note to self: never explore again. Ever.
1360878912.0,2368,This always confused me upon my return to vault 101
1372194483.0,2252,Someone made a mod for Fallout NV that only adds a single line of text
1358261250.0,2248,how fallout is really played...
1360235497.0,2229,NCR anons
1359868082.0,2149,What do you guys think about my new shirt?
1350822968.0,2089,Here and Dead Wind Cavern
1370703144.0,2078,Yeah Dominic I think there is.
1369793628.0,2045,anyone..anyone?
1348524169.0,2040,Finished building my new workstation... had to do it
1368458254.0,2022,I did a mini freak out when I got here.
1352827519.0,2011,"Oh, Mr. Gutsy! :D "
1367003575.0,1956,TMNT New Vegas
1347783884.0,1952,Deploying tomorrow- thought r/fallout would like my flak jacket patch
1356574490.0,1904,"IAmA voice of Three Dog on ""Fallout 3"" and actor on ""The Wire"" and ""Homicide"" Erik Tod Dellums. AMA."
1370882619.0,1894,"Come on Todd, we're counting on you the next few days. Answer our prayers!"
1360349120.0,1891,I hate you Moria.
1354396619.0,1849,So Google was displaying user uploaded pictures in Times Square to promote their Chromebook...
1358106508.0,1842,Liberty Prime. Never Forget.
1372948301.0,1800,The most American thing I could think of to listen to on July 4th.
1362879690.0,1793,If they put this in Fallout 4...
1375345132.0,1793,The Black Knight
1363713251.0,1790,Some things never change
1335675672.0,1768,THIS X ∞
1356360991.0,1776,No one else appreciated this awesome Vault Girl cosplay
1367106638.0,1771,Fallout Stand-up
1360536041.0,1770,Wife made me a birthday cake!
1371590372.0,1761,War Never Changes [New Vegas Bounties II]
1361729923.0,1761,That Q-35
1365123466.0,1727,Who they really should send into North Korea...
1361573694.0,1723,I saw these at the local Play 'N Trade. They sell a lot of handmade things like this that are made by people around the city.
1342461056.0,1721,Ranger with a Big Iron
1355518307.0,1709,shitfuckshitgoddammitfuckingfuckshit
1374466330.0,1700,This game always made me challenge my morals
1361646265.0,1689,Dad?
1366645022.0,1688,PLUNGERS FOR EVERYONE!
1353600650.0,1670,This is what I want the next Fallout to look like. (x-post from r/wallpapers)
1374342382.0,1665,I felt like my tent was missing something...
1364317163.0,1660,Fallout Girl looking swell
1370958007.0,1659,Please please please...
1374141685.0,1642,"Heading to Vegas in a few hours, finally perfected my playlist."
1374038293.0,1633,How much of you guys would actually play this highly screwed up and creepy quest?
1366916755.0,1624,Merc charmer outfit Cosplay
1369146104.0,1608,Coffee foam art by Kazuki Yamamoto
1362977994.0,1605,Help I've been shot!
1361119625.0,1602,Reaching Out To America's Youth (Old World Blues)
1357349897.0,1587,I guess they had their statue after all!
1359077872.0,1584,President Three Dog.
1339388480.0,1581,Something rather creepy I found about New Vegas
1357890440.0,1585,"Fallout Monopoly, Handmade. (I did not make this, but a friend of mine bought it.)"
1369746500.0,1574,Our Fallout themed party
1358870241.0,1574,Boone...
1366287338.0,1569,The sexy way to kill benny.
1360690445.0,1564,Deathclaw Stare-down
1354012988.0,1553,goul is to cool for you
1356031474.0,1543,Bleeding into real life.. I had to laugh.
1369431748.0,1539,No Church in the Wild. Fallout: NV Edition. (Fixed)
1344202193.0,1537,Bad Luck Oliver Swanick
1371544746.0,1522,My Fallout 3 Story
1354500107.0,1529,Frosty the Snow Boone
1348784419.0,1527,"Slow down, Carl."
1371087307.0,1525,My friend's dad got a physical copy of Fallout 1 when it first came out. Such a good instruction manual.
1355181752.0,1522,Managed to snag one of these from a previous job. Anybody have any clue how much they're worth?
1354831615.0,1506,War is about who's left
1367720179.0,1509,My experience with companions.
1357496950.0,1510,Every time I think something is funny and post it on reddit. 
1360814559.0,1496,"Finally got around to playing Lonesome Road, this is all I could think."
1373473046.0,1495,Fallout: Nuka Break Season 2 Starts This Friday!
1356558137.0,1495,Just got this badass (well 18 pieces of badass) for Christmas.
1373983051.0,1493,Open Metal Box [EMPTY]
1366832764.0,1482,Finding it isn't the hard part. It's letting go.
1363846221.0,1483,My real-life journey through the real Mojave. 
1367775363.0,1466,Got some horsepower to spare and want to pimp Fallout? Add grass. Lots of grass.
1357679328.0,1464,The Fallout Bar. [X-post GMOD]
1369688480.0,1454,Happy Memorial Day
1354106496.0,1457,My mom painted this for me (xpost from /r/gaming)
1362457139.0,1440,I thought I'd show this to the 26%
1372866573.0,1437,"Sometimes, the mods really make the experience that much richer."
1342591872.0,1438,Any Breaking Bad fans out there?
1374701918.0,1425,Fuck Cazadors.
1364186732.0,1420,Pocket Sand!
1372776553.0,1418,The most disappointing thing about Fallout: New Vegas IMO
1366595438.0,1413,TIL you can be beaten to death in Vault 101... as a kid.
1361827225.0,1413,I went to pickpocket this guy.. now I feel.. violated.. 
1361383094.0,1406,My favorite Vault Boy picture
1365280212.0,1402,Truth is... The game was rigged from the start
1373235666.0,1397,Dialogue option I want most.
1374525163.0,1398,"My first truly evil playthrough, just got attacked by a group of these guys, had no idea they existed!"
1349627997.0,1393,Real Life Vault - xpost from /r/creepy
1363185165.0,1390,"This guy is a bitch to kill, but I couldn't pass up saying it"
1374954147.0,1381,This number actually works!
1351709567.0,1391,Tunnel Snakes Rule! (x-post from r/pics)
1366219059.0,1381,My girlfriend started playing New Vegas... I think she's a hoarder.
1369231341.0,1382,I can't stop thinking of fallout when I see the new CoD trailer
1350996247.0,1382,Happy Fallout Day!
1371044081.0,1380,About to enter hell. [Fixed]
1371555734.0,1371,How I feel after seeing the rumour about Fallout 4 being released in October 2015
1346013017.0,1360,My take on the Mars landing.
1371740381.0,1352,Look what came in the mail today!
1375976346.0,1353,Shot this ghoul in the head only to have it land on a shelf right behind him
1364131867.0,1347,Dead Space Fallout: fantastic Pipboy glitch
1370610007.0,1336,One of the funniest Fallout pictures I've seen in a long time.
1351312402.0,1336,Well then.
1345154421.0,1331,Summer at Lake Mead
1376400114.0,1336,I just wanted the goddamned dynamite Pete!
1370095672.0,1337,"No matter how long you play, there's always a little nook or cranny you've missed. I must have walked right past this one dozens of times. [Fallout 3]"
1366042041.0,1324,The enemies in Fallout are very patient
1363440917.0,1323,Post-apocalyptic visions: my best one hundred Wasteland screenshots
1374246890.0,1332,I am about to embark on an epic journey for the first time.
1359486198.0,1329,Discovered my unpublished concept art became a Fallout mod.  Loving it. 
1376316935.0,1322,"""Fallout 3 isn’t just better than the games that came before it, it’s still better than the games that came after."""
1346439065.0,1320,Yaay!
1351264881.0,1311,It was so hot at Comi-Con... almost made me wish for a nuclear winter
1334579639.0,1303,Is this logic to raiders?
1364242599.0,1294,I found this guy in the beginning of Bioshock Infinite
1373901229.0,1297,Look what finally came in the mail
1367878149.0,1296,"Asked Dogmeat to get a weapon, came back with this"
1341891156.0,1295,Well isn't that great 
1338296332.0,1294,Wise words.
1365828817.0,1288,Boone - Before It Happened
1342512357.0,1286,Funny comic i found
1355375056.0,1286,I played through the entire broken steel DLC without even noticing.... No wonder i thought it was so hard
1348000483.0,1284,Boone's Wife
1361186367.0,1284,New Vegas - Benny Cosplay (Myself)
1362577084.0,1279,"Silly hitman, you'll never assassinate me like that!"
1362283806.0,1276,Last night I was trying out a Visual Novel Editor. I created this monstrosity. Should I just... Stop?
1374410073.0,1276,How it felt navigating the villa in Dead Money
1360003472.0,1279,I'm Ok! Really!
1371418689.0,1269,I shared this to r/gaming I should have shared it here first
1336571380.0,1269,How i felt the first time i played Fallout 3 :)
1352485005.0,1273,Finished my cardboard laser rifle today :D
1349010488.0,1275,My Reaction to Every Explosion
1362763619.0,1273,ETD (Three Dog) pretty much confirms Fallout 4 and jeopardizes his career in 7 tweets 
1375155895.0,1267,"Created a character with 10 luck for fun, found this 5 minutes after leaving the vault..."
1348706515.0,1263,Ranger Cosplay
1363793964.0,1254,So are vaults a thing on reddit now?
1374856353.0,1248,"Vault Boy made out of caps. (First attempt, going to try and find better colours, may take a while though)"
1376233010.0,1240,I made it look like a suicide
1369606963.0,1239,One of my favorite speech options
1367256830.0,1237,Emily is going to be so pissed.
1342033826.0,1238,I went to the real life Goodsprings recently and found this in the General Store.
1374795962.0,1230,"Hey, thanks for the tip Mr.Train!"
1375685981.0,1227,Colorized the perk image for the infamous child killer perk.
1372267200.0,1225,I made a custom Fallout theme for myself (on Android). I thought y'all might enjoy it. Crosspost from r/androidthemes.
1345653989.0,1229,Actually makes some sense
1343778108.0,1226,"Dear Bethesda, a request for FO4"
1369320023.0,1229,The real reason Nipton was attacked.
1352233641.0,1227,One For My Baby
1347928725.0,1218,After mashing some buttons on the control panel I got this. It's like the game knows me. 
1373295613.0,1209,"Fallout 4 Development up to Bethesda, but Obsidian 'Would Love' Another Chance"
1370547796.0,1210,Marcus is highly underrated in my opinion.
1370237972.0,1210,I am the 1 Percent!
1373122395.0,1212,Fallout Flask you guys might like.
1367679358.0,1210,Found this in /r/Guns
1375567122.0,1212,"I have nothing prepared for my cakeday, but hopefully you guys like this stimpak I made last year"
1332123584.0,1206,I laughed way too hard at this.
1372699396.0,1195,I modded Fallout 3 to resemble The Last of Us (X-post from gaming)
1372510729.0,1199,Gary
1368541839.0,1197,Awesome Fallout Cake
1364665303.0,1185,My Computer's Log-in Screen
1345803531.0,1185,How many of you tested it? Lets be honest now...
1376260369.0,1178,Overtly Startling
1360451311.0,1182,Justice.
1375028155.0,1181,Flowers growing from a grave (Fallout 3)
1362088393.0,1176,I made this Vault Tec hoodie in graphics class
1375809960.0,1175,"The name so nice, they've used it twice (Bethesda likes ""Raven Rock"")"
1368721964.0,1175,"r/gaming didn't appreciate this, maybe you guys will"
1374881735.0,1173,Fallout Alphabet: A is for....
1346881669.0,1174,&lt;Makes beeping sound&gt;
1344473399.0,1170,Must leave a strange impression on the locals
1367838431.0,1169,My Fallout inspired A3-21 plasma rifle build. Feel free to ask any questions.
1364818711.0,1167,Even more New Vegas fun. Found in Van Graffs bathroom.
1365897571.0,1166,So I got this t-shirt today
1344278718.0,1166,"I took this photo on a foggy day in northern Idaho, and can't help but to see the pulp sci-fi style of Fallout."
1341415544.0,1166,Roommate gave me his lighter
1368300879.0,1166,How have I never discovered this?
1355927358.0,1165,This one is from Fallout 1. What are your Fallout's Funniest Moments?
1373033610.0,1166,This is one of the coolest things i have found in fallout3
1367191037.0,1161,The Quantum
1370408411.0,1152,I never understood Ulysses.
1345092602.0,1148,Fallout 3 New Vegas
1344093255.0,1151,Found this guy at an auction near to my house.
1352056436.0,1148,American post war faction map.
1376531810.0,1150,Fallout themed present I made for my best friend's birthday
1368986830.0,1148,I guess Reddit existed Pr-War
1376065634.0,1147,Med-X is a hell of a drug.
1372262620.0,1145,I told you my Psycho would take you places. I never said they'd be places you wanted to go.
1363619512.0,1148,This Funnel Cakes Territory
1353081751.0,1146,"TIL if you take steady prior to using vats you are guaranteed to hit 
your target at any range. "
1346586943.0,1144,Finally got my books in. Just in time for classes.
1364745135.0,1137,What a great actor. Even headless he still manages to give a flawless performance.
1366394071.0,1135,"So, I'm totally done with new vegas so I decided to pimp out my safe house."
1361276124.0,1139,I think he still needs more Sugar Bombs.
1362231875.0,1136,A Wastelander's best friend [x-post from /r/gaming]
1353187824.0,1135,"I am a teacher, this is a stamp I use on my student books for good work (blacked out part is my name)"
1358039581.0,1136,Newww Vegas Map
1373958148.0,1134,My collection of Fallout wallpapers I've gathered over the years
1360178748.0,1132,I recreated the Novac motel room in the style of Hotline Miami. I call it Hotline: New Vegas.
1375899034.0,1129,Niiiccee
1371479209.0,1132,Rumour: Fallout 4 was Bethesda's 'press only' tease at E3
1359819283.0,1129,Under Vegas Lights [x-post /gaming]
1368048485.0,1119,Classy as fuck
1362339614.0,1124,"Saw this binary in Old World Blues, decided to decode it. It was less than impressive."
1372346903.0,1121,"Not enough Fallout 2 love here, so here's the craziest thing I've seen recently."
1347549220.0,1125,I found them..
1367177659.0,1127,One of my favorites Fallout fan art picture
1363451092.0,1111,"Playing a Low Intelligence, Homosexual Character Just Makes Me Giggle Sometimes... "
1376032953.0,1107,The Bear and The Bull
1365643011.0,1111,Hardcore mode was a bad idea.
1342746695.0,1107,"I can understand not being able to redo the drywall, but seriously?"
1360062531.0,1111,"""At least it can't get wo-"" Yes it can. It always can."
1332860386.0,1106,Fallout logic
1358463160.0,1097,This clown still thought I was taking him to Big town.
1368368562.0,1103,Oh Fallout..
1363389332.0,1101,"Fallout 3 is currently being voted as best game in the fallout series, what do you think?"
1369840324.0,1089,"Post-apocalypic Fallout inspired LARPing took place last weekend in Bochum, Germany. Here are some pics."
1344377365.0,1091,On second thought... 
1350944849.0,1090,"Sure Arcade, I won't be long"
1358440905.0,1089,I was told r/Fallout would appreciate this more. Heavy Guns Vault Boy.
1350656428.0,1084,Fallout 3 with mods still looks amazing
1344446981.0,1088,"A stimpak I've just finished.
W/ Retractable needle.
Enjoy!"
1369071413.0,1081,Fallout Computer
1364576739.0,1080,New watch.
1367628398.0,1074,Ring-a-ding-ding!
1365019164.0,1081,Sometimes the dialogue just hits the nail right on the head.
1375453580.0,1073,Fat Fuck Boone [x-post /r/fiftyfifty]
1349703521.0,1072,Fallout Locksmith Woes
1343131783.0,1067,"Dude, smoking is bad for you health"
1362029203.0,1069,Thank you Fallout 3
1375883384.0,1063,Had this happen during the end credits - the illusion is shattered!
1359228148.0,1069,Fallout Brown
1363544614.0,1066,This dialogue option alone completely justifies taking the perk.
1361037111.0,1066,"my ""new"" iMac classic [xpost from /r/geek, OC]"
1368405063.0,1061,Did anybody else spend the day with their mother?
1372432471.0,1063,The coolest kid on my college campus.
1375628286.0,1055,Man Kilroy gets around!
1370292177.0,1050,This is my favorite speech option in Old World Blues (NV)
1368209705.0,1055,"I'm Working on a Brock Samson Clothing Mod for New Vegas, and this Will Be the Pip-Boy Icon. I Made it Myself!"
1356752074.0,1051,"Couldn't Find the Name of the Artist, but a Great Fallout Picture."
1376190975.0,1049,I've always wondered what kind of radiation was in the river in the Pitt. ...Oh.
1365248656.0,1047,Just making my allegiance clear...
1360991278.0,1039,Vault Boy
1355333345.0,1046,Someone posted on pics a picture of a scorched part of their highway after a gas explosion. Couldn't help but think of this...
1357195808.0,1036,Hidden Valley Ranch 
1349049870.0,1039,I found Lincoln's Repeater! 
1347815002.0,1038,Fallout - Dogmeat
1363323869.0,1041,This guy.
1348632472.0,1037,"A friend of mine said he was finding New Vegas too hard,so I made this for him"
1372641085.0,1041,"My friend made herself some Fallout painspike armor. Y'know, for formal events."
1362614279.0,1035,My favorite poster from any Fallout
1361929815.0,1040,Oh hey a door
1346362882.0,1035,Fun fact about the voice actor of the master.
1334936042.0,1033,The most annoying thing in all of video gaming
1364419671.0,1034,I sent out my fallout 3 copy and got it signed by three dog.
1363099601.0,1035,"My first visit to Arlington National Cemetery: total silence, nothing stirred, haunting atmosphere."
1342860922.0,1037,You're in the wrong neighborhood motherfucker.
1364913160.0,1031,"I'm not the best artist, but I get very bored in class. Do you guys like my semester-long doodle?"
1365084759.0,1027,"Things that NEED to be done in Fallout 4, pay attention Bethesda."
1371288925.0,1028,A real life Cazador! (X-post from /r/WTF)
1370798796.0,1019,I just found out she was the voice of Veronica
1375110223.0,1022,"...I can explain, I swear"
1362935270.0,1027,Finally did it.
1339539621.0,1024,The story of Vault 77...
1351786810.0,1020,"""God be with you"""
1355839697.0,1016,I don't like surprises.
1356448619.0,1022,My new Black Ops 2 emblem. What do you guys think? (x-post from r/gaming)
1344595592.0,1017,I must be a badass.
1374076380.0,1008,I tried to make the 10mm Pistol from balsa wood. Not bad I don't think!
1343754273.0,1013,Was driving from Las Vegas to Los angeles. Had to make a detour.
1359605285.0,1012,I think I'm going to like this class.
1350089561.0,1002,"Wanted to share my Halloween costume with you guys/gals(album) My version of ""The kid from vault 101"""
1349361164.0,1011,Sitting in engineering when suddenly...
1371856435.0,1001,"After playing New Vegas countless times, I was flabbergasted that I had never noticed how Novac got its name."
1356920157.0,999,Art
1364739229.0,997,Selfies with the Deathclaw Alpha Male!!
1375803417.0,999,My work so far on my t-45d helmet
1371920948.0,998,Vault-Tec sounds like a great place to work
1362694458.0,995,"I do not take credit for the gif, but this made me laugh and I wanted to share!"
1363225854.0,990,FO4 suggestion for a newer V.A.T.S. system
1373546111.0,991,boom..
1352743036.0,993,The Kings
1347210994.0,987,Freshman year in college...
1363492674.0,988,It's the little things i love about fallout 3
1344855581.0,986,"This is in the alleyway behind my work, made my 5 minute break awesome."
1357620915.0,978,Pretty much...
1347121939.0,983,Family is important.
1371659344.0,970,This pretty much sums up my very hard hardcore mode playthrough...
1343531161.0,974,So I ran into this fellow at Otakon today
1348595464.0,972,*guitar strum*
1345042880.0,972,The shit we put up with in a Fallout universe...
1376114341.0,969,Found this on my way home tonight!!!
1375206713.0,966,I'm disappointed Boone...
1370919881.0,964,The long lost side mission of Fallout 3...(x-post from r/onetruegod)
1339925301.0,966,Fallout 3. Wasteland skill book themed notebooks
1356184427.0,961,"God dammit Stacy, you had ONE JOB"
1366561811.0,962,This has to be the best Screenshot I've taken so far
1366090630.0,963,Starting working on this tonight...is it worth finishing?
1345491839.0,959,"""Patrolling the Lego bricks of the Mojave almost makes you wish for a nuclear winter."""
1329056890.0,955,Hey Boone!
1361331482.0,957,"was told to share this here as well.:
 Rivet City wallpaper (1920x1080)"
1372564393.0,961,I joined a gang today. They really do rule!
1343010240.0,950,This made me soil myself during my first play through. 
1360767872.0,953,"Cass gets a little blue, sometimes [dialogue] "
1361588879.0,949,Vulpes wants his hat back.
1353413114.0,948,Just thought i would share my AWESOME wallart.
1371186496.0,947,"For my Cake Day, Here the Pictures I Took While Visiting the Real Life Town of Goodsprings! [xpost from r/gaming] Thanks to u/TheHawk1187 for Helping me Discover this Awesome Community!"
1356092040.0,949,Liberty Prime
1351359102.0,948,"Found this, figured someone might like it."
1357492268.0,942,"Survivor, who's also dead. "
1336843386.0,944,An occasional favorite pastime...
1371314271.0,936,Graduated today and this was top of my cap.
1332808272.0,942,Paper Bag [Empty]
1373674079.0,933,It only took me 4 years.
1368571310.0,940,A good death awaits all of us. Some quicker than others.
1342129905.0,932,For those who still don't know after the hundredth time the joke had been made...
1352157737.0,931,I set my 'job' on facebook as a courier about a year ago; someone doesn't get it
1369913790.0,929,That's DEFINITELY a Rad Roach.
1375535900.0,929,Two couriers lost in time
1365693233.0,923,"I cant be the only one who thought it would be awesome to ride around in one of these, can I? [Fallout NV]"
1370178213.0,924,TIL Joshua Graham has a unique melee weapon .45 auto pistol. (X-Post from r/fnv)
1341082110.0,925,"I Can't Take It Anymore, Bethesda!"
1353938260.0,920,Profligates.
1375319773.0,922,"I fell in a sewer and found Medic Armor. Maybe old news to you guys, but I thought it was cool."
1357733035.0,921,"Back in high school I made a papercraft Mini-Nuke, still the coolest thing I have ever made."
1349918592.0,921,I'm pretty sure alot of PC players could use this perk
1373799056.0,916,"Made my own NRC Recon beret. (By made I mean I ironed on a patch, but I still think it looks cool.)"
1375764758.0,914,I've never noticed this reference
1346834015.0,911,Cassador
1359573248.0,912,This is probably my favorite weapon name in Fallout. What weapons or items do you guys think have the best names?
1340760866.0,906,Shut up and take my money! 
1367371627.0,907,You think Malcolm Holmes went far to find you? How about the DC Ruins...
1358383258.0,903,pre-war Raul 
1349809169.0,909,Taking The Bull By The Horns  (Fan art / Digital manipulation)
1347582645.0,899,Penny-Arcade made comics for Fallout 3
1341781743.0,900,Still my favorite part of any game....
1331677776.0,902,found this in r/ImGoingToHellForThis
1363273043.0,898,Excellent rendering of the Alien Disintegrator Rifle from Mothership Zeta
1346958580.0,898,Made these for my fallout-loving friends. Detailed album in the comments!
1370359677.0,893,"No, Arcade, I don't know what Rex is doing. Don't give me that look."
1358608941.0,900,"Um, Boone... U k?"
1349209947.0,895,/r/AskReddit discussion brings out the Wastelanders...
1356693801.0,892,My Favourite Nightkin Moment
1364475117.0,891,Truer words have never been spoken.
1347882478.0,887,"I don't know what mod this might be a part of, but it makes me smile every time"
1356370779.0,893,"I can arrange an AMA with Erik Dellums, aka Three Dog. Are we interested?"
1345399962.0,891,A comparison of the quest content available for Fallout 3 and New Vegas.
1365774562.0,888,HAIL!
1359671854.0,888,This reminds me of something. Get me the repellent stick?
1371999571.0,883,One of the reasons I love Fallout 3
1337638643.0,888,"...Thanks for that insightful observation, Cass."
1350488809.0,881,The Mathematical Fallout  (fan art)
1346251047.0,884,There are usually three ways to do things...
1368785339.0,881,Yeah... we're done here.
1367319924.0,877,How did he find me on top of Helios One? Witchcraft.
1365302207.0,882,"As requested, my New Vegas neon bar sign"
1357259439.0,882,Everyday practical vats usage
1369494545.0,885,Look who I found walking around my new neighborhood.
1367442058.0,874,My favorite lock screen
1361813150.0,881,2011 DragonCon (1MIC)
1363646239.0,872,I was driving past a Target when I saw this...
1361688973.0,875,The strangest death notification I've had.
1360632845.0,870,Goodsprings Shoot-out
1333377402.0,875,The Thorn
1371221519.0,878,O_O
1344878709.0,875,It was logical!
1354227293.0,873,I'm ready for the apocalypse
1354010315.0,870,The best Pip-Boy ever
1348095592.0,875,"""IT'S THREEEEEEE DAAAAWG OOOOOOOWWW"" (Borderlands easter egg)"
1352639200.0,874,I love it when vaults have these.
1345568602.0,866,"Thanks, Grandma!"
1346672681.0,874,My Gerber was looking a little worse for wear. After some laser work it's now a Vault 101 issued multi-tool :)
1359390432.0,866,"Learning how to weld, whipped up this Proto-powerfist. DPS: 5, Bloodymess: +1"
1371655868.0,866,"That Bubblews.com rumor about FO4, with Oct. 2015 release date? Total fake."
1373418909.0,862,My phone background.
1351528404.0,862,Girlfriend dragged me threw town to see this. I think it was worth it.
1365352466.0,858,Moira is priceless.
1368016950.0,851,Our new mascot for the dishpit at the restaurant where I work.
1365556977.0,851,She has what?
1376146293.0,844,"Went into V.A.T.S. against a super mutant brute with another one using an incinerator behind him, when badassery occurred"
1359525970.0,849,Benny and the Jets (x-post /r/gaming)
1345631033.0,841,"Unfortunately, i am not that tough "
1365858298.0,842,How I imagine whats in the safe
1345464352.0,837,"He had Tesla, Power and Combat armor in his inventory. Yet he chose this.."
1366323115.0,842,So I engraved my iPhone case the other day.
1374721091.0,839,Three Dog asks a question on Yahoo Answers
1367910964.0,838,Playing Fallout 1 as a pacifist would be more difficult than you'd imagine.
1344621278.0,841,It's finished!  Our very own Fallout: New Vegas coffe table!
1335894200.0,835,Always keep your plasma gun safety ON
1364956562.0,836,I made myself a Big MT loot cheat sheet and figured I'd share.
1346324380.0,834,Have you recognized them all?
1346957868.0,833,"Cass, you're making me blush"
1333979465.0,828,Fallout kit I've been working on. Wasteland survival. 
1372095342.0,829,This is exactly how I felt about ED-E
1365515532.0,828,This is a picture from my Fallout New Vegas trip. It was sweet. Goodsprings looked exactly like the same. I didn't know the school was real. Pretty neat huh?
1359939035.0,827,"Oh god, what."
1362154087.0,824,Most-used words in /r/fallout for February 2013
1360265761.0,823,"got bored and made a fallout sticker for my mac, what do ya think"
1365435933.0,828,"As well as Kim Jong-un now, we all wanted to know what happens."
1372156529.0,819,So I left my spine at Big Mountain...
1356884181.0,822,Unfortunately a Doctor's Bag wasn't enough to cure my arthritis.
1341572338.0,821,"With all the talk about the Higgs Boson, I thought I might contribute"
1372037041.0,824,Couriers Grave?
1367157556.0,826,Smartest guy in the wasteland...apparently prefers the worst pistol in the game.
1360612397.0,824,"Wallpaper:  ""Got You In My Sights"""
1345959881.0,822,Got bored in Novac today...
1373825440.0,820,My sassy playthrough
1375410022.0,822,I Decided To Make A Gif of My New Favorite Moment From Fallout New Vegas [OC]
1373724135.0,818,"So as I promised before, here's another F2 crazy encounter!"
1363567538.0,819,A Platoon of NCR
1360108307.0,821,Birthday present for my friend 
1361991555.0,817,How did my poster turn out?
1349486964.0,817,The wasteland should have theese! [X-post from /R/WTF]
1367604685.0,811,Some of my fallout weaponry. Come at me wasteland.
1355278780.0,817,My brother drew this sweet T-45d picture in pencil. 
1367477579.0,814,NOTHING stops Malcolm Holmes (Mothership Zeta)
1349172679.0,817,I love finding these funny little things hidden in terminals
1368274255.0,815,Strong password you got there
1370472128.0,810,....I think....I might be too late....
1375729763.0,804,Consider the options General
1368648931.0,805,"Alright, so I need to push Z again to...wait what?"
1356228230.0,807,Perhaps the best fight in FO3.
1368848076.0,803,Brotherhood of Steel Drawing
1348073957.0,806,Real life Primm
1365997028.0,802,Why didn't I think of that? Wonder what he says.
1361498351.0,800,"Hey, who turned out the lights?"
1345253691.0,802,Aren't you a little short to be a storm trooper?
1358790238.0,798,My favorite computer terminal.(lonesome road)
1356826798.0,798,The struggles of a companion.
1351483586.0,796,You've lost karma!
1367620325.0,795,"Hung this up in the storage room at work two months ago. I'm stunned that it's still there, I think my supervisor thinks it's legit"
1367516608.0,798,Ever wanted to see what Lone Wanderers Mother looked like?
1337570651.0,798,Fallout shirt I made today
1360504352.0,792,"Don't join the Brotherhood of Steel, Join the Enclave."
1339879564.0,796,Can you relate? 
1366725946.0,796,On the subject of Heisenberg: Here's mine!
1358516512.0,792,"Whoa...Dad doesn't mess around, does he?"
1339853322.0,791,...Why?
1373355348.0,795,Lost my account so I had to get all of these achievements again. . . I knew I forgot something.
1353435644.0,790,Fallout NV NCR ring 3D printed in stainless steel (x-post from Gaming)
1375285990.0,791,I didn't know the Enclave recruited this early...
1364366917.0,791,"In the Wake of all the gay rights stuff going on, I feel we are forgetting a very special group of people."
1341067584.0,792,"Caesar I thought we agreed, no biological warfare. "
1369559698.0,784,I think I've been here before...
1355709255.0,788,"Oh, well thank you! Wait what..."
1375904498.0,785,Sometimes I feel like some of my co-workers are this guy [fixed]
1362842743.0,783,Indiana Jones'd it. [screenshot]
1323081629.0,783,"Ok /r/fallout, for every upvote I'll donate a bottle of Purified water to this guy. 5 hours, no limit. Make me regret it! "
1364841021.0,786,Some rather large Enclave Armour...
1362417342.0,778,What little thing should Fallout 4 have that you have been craving?
1361055525.0,784,I may have installed that weather mod incorrectly.
1351876810.0,779,Real life Big MT (x-post /r/wallpapers)
1343611486.0,784,I never truly understood this in Fallout 3
1344799896.0,784,"It's the little things that make this game not only thrilling, but hilarious."
1361431307.0,782,"Got a new sweatshirt today, the best part is that I live in CA"
1357819551.0,778,Unwashed villagers
1357432911.0,781,Probably my favorite character response option in Fallout. 
1351136214.0,783,Brotherhood of steel logo I made in my free time. I think it turned out quite nicely. 
1337367877.0,778,I'm playing Fallout 2 as a stupid character named Lenny.  I'm glad the game is on the joke.
1353036565.0,775,Sneak peek promo pic from Fallout: Lanius (non-profit fan film)
1369102052.0,778,That about sums it up.
1358208205.0,773,Helpful hint No.5
1342553868.0,778,What I did during my first week of having Fallout 3 GOTY.
1373850651.0,778,I love the Black Widow perk
1337736327.0,774,Every time I get on the Metro in DC...I have flashbacks
1354708276.0,774,I have to go my people need me
1369963108.0,772,So I printed a new target for my Bb gun..... I'm a fan of the NCR
1375220208.0,772,"It's not quite a rocket launcher to the groin, but still an awesome choice. Yes, you get Evil karma"
1353378249.0,772,Anyone else shoot &amp; rob this guy as soon as the conversation was over?
1361890666.0,766,xpost from r/dbz... that's right.  Nuclear blast shock wave
1355035053.0,768,I jumped off Tenpenny tower and landed directly on a tree only to fly all the way back up
1371136532.0,766,The NCR hasn't been taking me serious lately
1345732069.0,771,TIL That James (your dad) was meant to come back as a Super Mutant; Fawkes ended up with that role...
1335187072.0,766,"Nevada Solar One near Boulder City Nevada, but I'm sure most of us know it as Helios One"
1373739362.0,766,I'm never going to punch a stripper again.
1349879445.0,765,This is how I know when I've been playing too much Fallout.
1340592620.0,765,Look what I scored for $1.99 at Goodwill
1357402864.0,769,"Hey redditors.

Im an Norwegian hobbyist photograper.

Last year while in vegas, i took an roadtrip to see the fallout nv stuff in realife.

Hardcore fallout fans might enjoy this."
1347387599.0,763,The Y-17 Trauma Override Harness
1372620667.0,761,I did not get my Luck up to 8 just for this.
1357312430.0,766,Oh...
1352913012.0,761,"Well that's because you're stuck in the ground, Ben"
1328452867.0,760,The lottery
1340050193.0,761,This happens far too often
1371250895.0,754,Who better to appreciate my new tattoo than you fine folks?
1368134641.0,753,With a couple of mods the wastelands can become quite beautiful.
1365610051.0,754,That's one hell of a farmer's tan!
1357567326.0,752,Fallout vs. Reality
1348249374.0,753,What does reddit think of my first attempt? Any comments or advice on how to improve?
1367415015.0,749,Made my own cover for the best dlc
1360969863.0,749,How I shop for clothing in Fallout New Vegas 
1353728951.0,749,"THEY'RE REAL. [Seattle, WA]"
1376473461.0,752,Wasteland corpse removal.
1349387240.0,746,Home Is Where The Heart Is  (Fallout fan art / photo manipulation)
1369894923.0,745,Oh Boone..
1353334183.0,742,After two weeks of waiting
1367678802.0,745,The Whittaker Farmstead is a strange place...
1354728915.0,740,1 hour of trading with the out casts and 120 rad aways later...
1352352159.0,744,DAMN.
1341605954.0,745,Fallout World vs. Real World (x-post from r/gaming)
1366779054.0,739,A patriotic ranger
1374613226.0,743,This Fiend looks suspiciously high... (You have to zoom in)
1340830383.0,742,I thought you guys might like my new shirt.
1362521914.0,734,I had a random encounter while playing Fallout
1357989162.0,740,How I feel about fallout 4
1344354019.0,736,I must kill Roy Phillips | Awesome story about Tenpenny Tower.
1367099955.0,736,"Started watching 'Up' for the second time, and had forgotten about where Carl was saving up to visit"
1364835097.0,739,Team Fallout 3
1366167082.0,735,"With exams finished, it is time."
1350731920.0,729,I just feel safer having it with me..
1369050973.0,729,I'm so glad I went to the market in town today.
1358813532.0,736,I bet half of you haven't seen this in person
1376425610.0,726,"""You look like the kind of guy that can get stuff done."" -Boone"
1346078892.0,725,I guess she isn't very happy with him...
1365025896.0,725,"""Whaddaya MEAN I can't get back into Raven Rock??"""
1349038818.0,726,All these guns!
1341009343.0,723,Me whenever I find a new item in a container.
1376569292.0,729,Give me a fucking Deathclaw or some Cazadores over these cunts early game.
1373490850.0,731,New Vegas' and Fallout 3's most annoying enemy.
1354566561.0,720,Here's my megaton house...wait 
1365192731.0,718,So this subreddit lately
1336231168.0,725,"TIL Fallout New Vegas holds the record for most dialogue in a single-player action/RPG - around 65,000 lines."
1371789327.0,724,"Gob is a bit slow, don't you think?"
1334359569.0,721,only thing that can make me turn back and go the long way
1348317588.0,719,One of the better places in NV
1356281771.0,721,New Vegas Soundtrack (Fixed)
1352386932.0,715,A few fallout props... and a tiny toxic waste barrel
1343477920.0,713,"I crafted a NV Plasma Pistol, what do you think?"
1368902912.0,715,Legendary Bloatfly
1361383412.0,717,Today I learned why the Hoover Dam is still standing in new Vegas 
1344947755.0,715,this makes me chuckle and then get a little sad every time I see it
1375929429.0,718,Legion beware!
1361255763.0,712,High luck
1362511415.0,719,Don't...fucking...move..
1366494887.0,712,Coolest Birthday Presents Ever
1364042866.0,711,Reach for  the star
1348943138.0,712,"While I found this DLC to be fairly difficult, it had some good humor."
1371825167.0,711,Got these two pretty recently.
1364657171.0,712,TIL The bell that sounds after shooting the Fat Man Nuclear Catapult is the lunchroom bell at the Bethesda offices.
1343069300.0,708,My favorite location in Fallout 3 
1342222163.0,709,TIL that the Lone Wanderer will be born in 246 years today
1343917154.0,708,Fallout Logic
1343381773.0,708,These guys scare the crap out of me every time...
1355440650.0,706,My Fallout Samurai
1334166351.0,707,WHY CAN'T YOU FIX ONE OF THESE AND DRIVE IT!?!
1371392858.0,706,Here's my GNR pandora station. It garnered some interest in an /r/gaming thread so I thought I'd share it with you guys
1370193895.0,709,Has anyone ever seen the fallout wiki's picture entry for the Drifter? [Fallout 3]
1368404120.0,708,Why yes..... yes it has.
1364477025.0,704,See you space cowboy...
1367334539.0,704,"Found a pulp magazine generator, made this"
1335354048.0,705,fallout world problems
1359274520.0,702,Looks like someone finally helped Megaton
1343258046.0,700,"Come here amata, I'll show you a real funnel cake."
1373197444.0,700,These just came in the mail. . .
1358176698.0,695,Six things it would be cool to see in Fallout 4
1335628258.0,695,quick question
1369522703.0,698,"Hadn't played Fallout 3 in a while, almost pissed myself when I turned around after loading in."
1354054768.0,693,Overly manly courier
1344010752.0,692,"Love to hate this guy
"
1328071933.0,701,How I feel about the radio in Fallout
1350690523.0,689,Happy 2nd Birthday to this game!
1346118287.0,687,I like to RP that I'm a founding father who was brought to life 600 years in the future. (xpost from r/gaming)
1344778277.0,696,Came home to find this little guy in my house...
1358379263.0,688,"Out of all the subreddits, I always wondered why this one doesn't have any flair. There are literally dozens that we could use!!"
1371954694.0,686,Forgive me Mama
1358641807.0,682,Still one of my favorite lines in Fallout: New Vegas.
1374089452.0,686,My free copy of Fallout 3 arrived today from a generous reddit user! Thanks /u/liquidDinner!
1334273006.0,681,Happy Birthday to Fallout-series narrator Ron Perlman!
1364918738.0,689,So after messing around with the camera in fallout 3 i discovered that my mother is an elderly black woman
1365954730.0,684,"Just got around to playing Honest Hearts, thought of this"
1348067798.0,682,I don't have a drinking problem
1376595654.0,683,Driving from Vegas to LA; had to stop and stretch my legs
1356994373.0,679,"Aww, it wants to play!"
1341256385.0,682,Ever since playing fallout 3 I've wanted to take a picture of this. Now I have.
1375887452.0,678,Sometimes I think most of my co-workers are like this guy.
1337199437.0,677,Errrrrrrr......hi?
1359917744.0,676,Begin Again
1367166381.0,675,A Subtle Introduction
1361980902.0,675,(1920x1080) Beautiful New Vegas background that I found a while ago
1360712148.0,674,Was messing around in Google Streetview when I saw a familiar sight...
1336272154.0,676,Artist Rendition of Freeside
1355141302.0,681,"""The Book of Eli"" movie seems to have taken some cues from FO3."
1373566732.0,674,The Courier is such a dick.
1359408517.0,675,"""fancy meeting you here friend!"""
1354642731.0,672,Sneak Level: 86
1353693389.0,669,Saw this at a local fire station .
1373442703.0,665,I asked Wadsworth for a haircut in fallout 3. This is not what i had in mind.
1348425416.0,668,"Yep, my girlfriend is a keeper."
1366127790.0,667,Bethesda releases teaser trailer for mystery game. Looks like Fallout 4.
1353273761.0,669,These always creeped me out on my visit to Zion.
1334655881.0,664,Mrs Doubtfire Perk
1375091889.0,665,Say Cheese!
1370519062.0,661,Dogmeat got into my UltraJet again...
1356652370.0,664,"Yea, they deliver to the US! :)"
1345342376.0,667,What does r/fallout think of my new wall art?
1372553090.0,660,"Quick question, don't up vote."
1338977752.0,660,Saw this dude on a themepark attraction
1350402612.0,656,My halloween costume from last year: Joshua Graham. That's a 1950's Book Of Mormon I was proud to find.
1344711396.0,657,Door Logic ( FNV - Nipton )
1363884495.0,652,I don't know what caused this glitch but anyways say hello to my new friend.
1341338967.0,655,You're welcome
1363970053.0,649,Vault 13 entrance - update
1369863942.0,651,I was playing New Vegas and I'm pretty sure I found Django
1375218962.0,652,"Went to vegas ,Welcome to Goodsprings partner!"
1366143699.0,647,Well at least the suit made part of me stealthy
1345079168.0,644,Well He Certainly Left an Impression on This Building
1347290561.0,649,Honest Hearts might not have been the best DLC but it sure was beautiful sometimes!
1367955635.0,638,"""And the light shineth in darkness, and the darkness comprehended it not..."""
1354466368.0,643,"This holiday season, enjoy Nuka Cola, right on your desktop! [wallpaper]"
1373645100.0,645,Fallout Nuka Break - Red Star!
1351163899.0,648,These are what the Deathclaws are based off of. They're kinda cute.
1342409036.0,638,Still think this is one of the creepiest vaults.
1342635612.0,638,"This was, by far, my favourite quest."
1353011659.0,641,Showing the love for fallout
1338130015.0,643,Did this bother anyone else?
1351083881.0,635,"You, Courier. You were the reason."
1342287070.0,638,Maria. 
1342706038.0,634,My favorite npc in fallout 3 so far
1361458039.0,633,"Original Fallout 3 Concept Sketches at The Art of Video Games Exhibit, EMP Museum Seattle."
1346628549.0,629,"Went to Casa Bonita today, and this looked familiar..."
1374679607.0,629,I'm one lucky son of a gun
1341791311.0,628,"I decided to fly up to the guy guarding Megaton and see what he had to say, it was slightly amusing."
1336365151.0,634,That Mr. New Vegas always knows how to make me feel special...
1346152748.0,628,(Fallout 3): This kid always was just that much less of a douchebag...
1372853198.0,633,I am pretty new to the Fallout series. I started with F3 and document my journey through the wasteland by taking photos. Here are my favorite moments so far
1367182118.0,630,I felt like a kid in a candy store
1350596902.0,633,"Egyptian protest graffiti, look familiar? "
1376496209.0,626,Not Compensating...
1350233298.0,635,I love finding little things like this: someone blew up the toilet with a cherry bomb.
1369953008.0,627,"If you hit Alex Dargon while escaping Project Purity, the other scientists start a fistfight with him."
1365377641.0,622,"Issued a Mr handy in Georgetown to read children a book... started reading to a skeleton. Goddamn it fallout, right in the feels."
1355605719.0,627,Apparently the NCR has had some budget cuts
1359864172.0,627,This game really needs to stop giving me the freedom to make my own choices.
1372989714.0,624,Happy Independence Day Bitches!
1367067379.0,628,And another new t-shirt
1360132530.0,622,I thought these two looked familiar... Grognak the Barbarian is the same as the Barbarian class from The Elder Scrolls IV: Oblivion.
1348887774.0,619,I finally did it!
1339091324.0,621,I used to be a courier...
1373334795.0,617,I just noticed how big Doc Mitchells door is.
1337898881.0,621,TUNNEL SNAPES RULE!!!
1357939137.0,621,This looks like Fallout and Skyrim mashed together. [Seen on r/DesignPorn]
1344743227.0,619,Made a character with 1 INT. I think I named him correctly.
1367090586.0,622,I'll just take a shortcut and jump on this rock... Aaaand I'm stuck.
1345206035.0,619,It's things like this that make Fallout 3 a great game...
1364543631.0,617,"I killed Caleb McCaffery back when I first discovered The Strip, at around level 10 or so. I'm now level 32 and he's still floating there, watching with his soulless eyes."
1370650600.0,617,I honestly had forgotten my character's name up until this point
1349115956.0,620,Got the NV Lanch Kit today! Only two years after the actual launch!
1369851222.0,615,Have you ever wondered how V.A.T.S. works?
1347637367.0,611,I present to you the wallpaper to every device I have
1376446739.0,613,The perks of having Paralyzing Palm on Very Hard
1363710035.0,615,A collection of speech failures from Fallout: New Vegas.
1357683723.0,612,Three dog himself just posted this on twitter
1352979167.0,612,I think this was my favorite thing about finishing Dead Money
1343698650.0,610,My girlfriend made this for my birthday. 
1359041055.0,615,Point Lookout Dance Party
1357246133.0,612,One of my favorites
1345536428.0,610,"My Son shot what he calls a ""Rad-Cricket"" out on the Mojave"
1371226627.0,606,EXP Restaurant + Bar
1374838089.0,609,My Fallout 3 collection and Tenpenny Tower display! (X-post from r/gaming)
1374758584.0,609,Was walking North when I met this angry little guy.
1366891042.0,613,"Inspired by Gopher's modded ""Let's Play"" series, I modded my own Fallout 3. I'm on level 3 and it isn't going too well."
1337260680.0,607,I feel like this ALL the time.
1342285777.0,602,So Many Choices...
1376513614.0,608,I should probably um...find that key...
1370133189.0,604,This is from The Elder Scrolls III but this scenario seems familiar...
1373612209.0,599,TIL an interesting thing about Buffout
1361822537.0,603,"Lily, the Nightkin grandmother you've always wanted."
1343202407.0,604,Try and lead me down a back alley and kill me will ya?
1331594884.0,602,I was going through some old photos and found this. Thought some of you might appreciate it.
1372086567.0,602,I don't wanna set the world on fire.
1338752699.0,600,Pretty much sums up my playthrough of FNV
1350330420.0,597,This is what I do with free time in my welding class. 
1373396377.0,603,"That feeling when you realize you are the classiest, pimpin'est, badass motherfucker on The Strip is a glorious one."
1354940198.0,600,My favorite line in FO3 [fixed]
1374196532.0,592,The most joyful part of Dead Money is when you find this.
1354592222.0,603,This...is a cazador.
1354769553.0,593,Welcome to the republic 
1340485332.0,598,Found this.. it belongs here 
1329360280.0,600,look what I found outside a local candy shop!
1341984297.0,600,life size plasma and laser rifles 
1372480412.0,597,Caesar Salad
1363878221.0,590,NCR Veteran Ranger [cosplay]
1363635588.0,588,Fallout Brown
1365558892.0,594,"No matter how tough you are, I think everyone agrees with Little Buster..."
1339608452.0,588,Scumbag wasteland traveller
1366410434.0,589,"Mr. Gunderson, you're not the only one."
1347062589.0,587,The only easter egg in New Vegas that made me tear up a little. [Lonesome Road]
1358941162.0,592,A not so good drawing of a situation I have been in before
1359037222.0,587,THEY ARE REAL!
1370063242.0,585,A papercrafted combat shotgun.
1367878963.0,591,Does anyone else get the chills every time they see these bastards?
1350269589.0,588,"Just got up, no make-up."
1375978234.0,589,"Feelin' The Pain, Now!"
1340913955.0,583,Patrolling the Mojave
1352601298.0,588,a map to every skill book
1371344621.0,578,Some Fallout 1 Wisdom
1340300035.0,583,I dont even..
1376501384.0,583,So I visited the Mojave Desert last spring...
1376456975.0,583,So that's who has been narrating the whole time
1375492808.0,587,Why the lost Karma? I did help him after all...
1371319652.0,582,"Finally Finished my ""That gun"" prop. Time to add it to the collection."
1369357001.0,586,"Just killed house with the alien blaster for shits and giggles, not sure this is supposed to happen"
1357091003.0,585,My old roommates and I as our Fallout 3 characters.
1340570443.0,580,Of course the jet crashed! They let an Ammo Box fly the plane!
1331336232.0,577,I hate you so much.. [FIXED]
1371621620.0,579,"Remember that father who shot her daughter's laptop about a year back? Well, apparently I photoshopped this back then and I can't exactly remember why. Just dug it up on a HDD raid."
1359165574.0,580,Amazing FO:3 fan-art.
1344052029.0,579,The hunt begins. 
1353708144.0,574,presenting... the 100 round banana mag. 
1331129124.0,577,Karma
1374450058.0,570,"""You're going to look a lot like your father!"""
1362181544.0,572,"I think i found ""That Gun"" on /r/guns."
1348406199.0,574,"I posted this on /r/gaming yesterday, and was told that you guys would love it. So i present to you the fallout wallpaper that i made."
1358986201.0,572,One of the hardest decisions I've had to make this evening...
1353861762.0,571,Everytime I see this...
1374436914.0,568,The NCR must be really busy..
1347680378.0,566,"""War..War never changes..Men do through the roads they walk"""
1340151841.0,571,"While playing RAGE, I found this guy. Charisma +1?"
1320841233.0,566,"Smooth, Gob..."
1376343643.0,567,I also name my characters immature names
1364678326.0,567,This guy is just misunderstood
1334236106.0,565,Rivet city concept art. (x-post from r/wallpapers)
1355893562.0,566,I thought you guys might like my Zippo...(X-Post from R/Gaming)
1347726103.0,565,Give this to that special someone next Valentines Day. 
1342380012.0,569,Found: Vault dweller's mode of transport
1341711445.0,563,If everyone else is drawing their courier... 
1370382409.0,564,"Im new to the Fallout series, and let me just say that this part of the game made me nearly shit my pants (Fallout 3)"
1373011066.0,563,I quick comic I made using in game screenshots
1372029188.0,566,"I, too, love the little things."
1368131409.0,564,... my New Vegas experience in one picture
1364305667.0,563,Kids from the future are badasses
1346206610.0,561,Fallout 3 Suicide
1336609944.0,560,My new Bethesda shoes. (x-post from r/skyrim)
1359145984.0,556,Suk me - Springvale School
1364960200.0,552,I made a Fallout lighter
1373094680.0,559,Why hello there!
1352303287.0,560,These armors just don't fit.... but they look so cool! 
1345324844.0,552,Ixnay on the secret location of his ideouthay.
1352899083.0,560,Choose one 
1345217179.0,554,Rebreather + NCR ranger armor = Bane from TDKR
1368682060.0,552,I am Abraham Lincoln: Vampire Hunter
1359726379.0,553,Vote for Fallout 3 because we all know it has the best soundtrack!
1357564633.0,554,(Fallout 3) The worst part is that you know that it was brought up at the morning meeting. [x-post /gaming]
1366403064.0,550,I made a pip-boy 3000 for my workshop class. /post from r/gaming
1374701505.0,552,Packing to move and found something I totally forgot I had!
1356805851.0,555,After installing Gun Runner's Arsenal
1375706363.0,551,"Hmm, that wasn't there when I saved..."
1365481565.0,553,"You know, typical stuff"
1343689750.0,556,I Chose The First Option. I Also Happened To Be In Full Power Armor And Carrying A Gatling Laser.
1376322314.0,552,So I found this in an old Game Informer. Looks like Bethesda didn't want to talk about Dogmeat.
1355969284.0,549,My companion Boone and I (New vegas)
1375479483.0,550,To all of my fellow waste landers out there.
1361541874.0,548,Saw this guy in the cleaning room at our armory.
1344659230.0,552,Did anyone else attend the wedding?
1372277857.0,542,"Oh Fallout, you and your quest details..."
1370216197.0,543,Project Brazil is already off to a good start
1348473347.0,549,What a Great View From Fallout 3!
1372535059.0,543,Too far... [Point Lookout DLC]
1355774530.0,539,Maybe you should get a paternity test.
1350151172.0,538,Uhm... Ouch?
1364842470.0,537,"War, war never changes"
1346767127.0,536,Fuck these things 
1337105279.0,540,A little sketch I made.
1354548782.0,535,"As a King you get to do many things, like watching paint dry!"
1336622424.0,538,Seems legit.
1357181526.0,534,"I did a pencil drawing after replaying Fallout 3, then I added a few filters and did a little editing. What does Reddit think?"
1364340846.0,537,One of a few examples of Bethesda's love of toilet humor- (Robco Facility Lobby Bathroom)
1337088870.0,536,Abandoned six flags. This should be a mod/ in the next game. X-post from r/pics
1372642334.0,538,This fell out of the sky near the Super Duper Mart not even 1 hour into the game with my new character. I'm feeling really lucky.
1368921212.0,529,Whatcha' know about rocking a wolf on your noggin?
1360597920.0,531,Vault Boy Wallpaper - Pip Boy Display Style
1341935608.0,531,"hahaha, one of my favorites"
1355895344.0,531,Oh c'mon Christine! Not now!
1350007310.0,531,Fallout Terminal Hacking Browser Port
1354903802.0,526,My favorite line in FO3.
1346163687.0,535,Fallout logic
1358633178.0,532,Fallout painted shoes. Amazing.
1361154864.0,531,"Well, Fuck.... [X-post /gaming]"
1352562970.0,528,"Balrog, The Mutant to rule them all."
1341515432.0,532,Every time I talk to Lucas Simms
1365199100.0,533,"""I don't enjoy killing, but when done righteously, it's just a chore... like any other."""
1361208642.0,525,I always loved Doctor Mobius' intro.
1340224349.0,522,Fallout logic
1334871096.0,531,But... I don't... How...
1370266806.0,525,This mod is weird. (Project Brazil)
1347756211.0,526,Weird things you do in Fallout?
1359412604.0,520,"Hey /r/fallout, I recently hiked up Black Mountain in Las Vegas. Here's what I found:"
1348177025.0,524,At a art museum in DC 
1357182930.0,520,Three Dog is back!  Bow Wow Wow. Erik Todd Dellums (Twitter@ETDellums) AMA
1337047274.0,525,My girlfriend drew me this . .  .
1376255608.0,521,"People keep asking for a Fallout USA map with territory, so I put one together. Blue is NCR, Red is Legion, and Grey is Midwest BoS."
1348856415.0,521,"""A Deathclaw family, you say? Pssssh, no problem.."""
1343829615.0,525,My Fallout shelf.
1369178370.0,522,Yup. This is the good ol' wasteland that I remember.
1341170116.0,522,A bunch of Fallout 3 screenshots I took (Some contain Spoilers)
1372858408.0,518,Fallout Fireworks
1335390259.0,519,Fallout logic
1365011728.0,523,You got me!
1372361739.0,512,Getting a little to familiar with this screen.
1336727486.0,517,Scumbag Three Dog
1338221112.0,508,HIFW I lose hours of gameplay after I die
1365333242.0,515,*giggle*
1364001070.0,514,I couldn't resist not choosing that option.
1367852503.0,508,Giant Fire-Ants you say... Look behind you boy!
1351218136.0,512,Met a couple of lovely Rangers the other day. 
1358567969.0,512,Fallout Newvegas poster
1376355559.0,509,...Fawkes?
1375986836.0,506,The Legion thought it would be a good idea to assassinate me near the quarry
1372634985.0,513,I really didn't want a satchel charge. Why do I waste my time.
1350181890.0,510,The hookers in New Reno sure are accommodating. 
1355085971.0,507,I started a new save on Fallout 3 and just noticed this on the blackboard during the goat.
1348332342.0,511,Fuck. Just... FUCK.
1369627549.0,513,"I see your favorite speech option and I give you mine, with a sprinkle of ""Terrifying Presence"""
1367943106.0,510,The story of Randall Clark. This story really moved me for some reason.
1356468132.0,511,It's little things like this that I love. 
1326768108.0,512,"The result of having a pen, a stack of Post-Its, no customers, and thinking about Fallout."
1328298055.0,506,What do you guys think of my new login screen?
1339165893.0,505,"Enough with the ""Used to be a courier!"" there is one always better here."
1335737254.0,502,Discovered Fallout 3 works pretty smoothly on my laptop... About five days before a huge piece of coursework is due in
1374619520.0,506,Never again ever. Nope.
1362665972.0,503,"Yes, boss, I'm totally working on those reports that you wanted"
1375071815.0,503,This has to be the most creepy part in Fallout New Vegas hands-down.
1335088967.0,500,I realised what they were for after about 10 hours of playing...
1362338553.0,505,Saw this at work where we have an actual fallout shelter. Made my day.
1344933128.0,503,We have a situation [X-post from r/gaming]
1341859950.0,498,"The Perfect Picture For This Subreddit (Originally Titled ""War"")"
1359659868.0,504,"I think I heard Boone saying ""pew pew pew"" when he was firing his new favorite weapon."
1341700146.0,495,That feel when you have conquered the entire wasteland.
1366339001.0,501,Idea for Fallout 4
1348775438.0,503,Uh... you should get that checked
1334491199.0,498,Why I Have Companions
1331195791.0,495,Scumbag  mysterious stranger
1366032082.0,493,I don't even know what to do with this
1359814608.0,496,I never understood why I didn't see more of these in Fallout New Vegas.
1322654903.0,496,Fallout-fan? Check out my newest project: Fallout Posters
1375914550.0,497,Like the shirt my coworker made me?
1352010335.0,495,D.C. Metro System Map
1351955357.0,492,silenced .45 replica for fan film
1335113456.0,494,You guys will love this :)
1342809010.0,491,Best I can give you is 20 caps
1349453008.0,491,Zion National Park - The Grotto from the Virgin River (xpost/earthporn)
1345397754.0,492,"""Obviously I had but no choice to amputate. The leg."""
1335323686.0,493,Fallout 3's hardest unofficial achievement.
1375506560.0,492,"(Dead Money) Christine may not be able to talk, but this made my heart just about explode &lt;3"
1374592976.0,489,Zion Canyon Album
1365722444.0,487,"Yeah, because Underworld was SO nice..."
1368323247.0,487,Best android app ever?
1366135436.0,496,Researching companies offering tours at Chernobyl when this one came up. I think I found the company I'll seriously consider throwing my money at.
1365746671.0,487,Bro do you even strength?
1351605857.0,483,Behold the face of God!
1335230666.0,489,"I had no idea that Primm was a real place until I drove by it, rollercoaster and all. Mind=blown!"
1372048918.0,490,A friend and I took trip to visit friends in So.Cal. Driving thru Vegas we saw some familiar places so the quest began!
1340115757.0,488,"Playing Fallout 3 again, I noticed this..."
1363694805.0,485,Fallout 3 Pint Sized Slasher [cosplay]
1355681469.0,485,Easily my favorite conversation in New Vegas
1352578374.0,491,Enjoy Your Stay [gif]
1354566856.0,491,I've never actually looked inside the baby carriages before. 
1354287384.0,489,Deal with it
1368124466.0,484,FallCraft: New Vegas: An 1:1 scale replica of New Vegas in Minecraft
1358948791.0,484,CARS IN NEW VEGAS.  Mod finally released.
1358350807.0,480,Fallout jeep reminded me of a Nuka-Cola stencil my friend made and then spray painted on my old car. 
1344778222.0,489,I see your pre-war money filled bathtub...
1367207680.0,480,Cosplaying the Vault 13 Wanderer :) Hope you all like it.
1363372711.0,487,My Humble Abode in New Vegas After 100+ Hours of Play. 
1375047838.0,484,Have to say that this is an extremely awesome mod and has worked really well for me. This really deserves support.
1350064379.0,479,The Burned Man Cometh: wallpaper I made for you guys  
1339785883.0,486,Where do people get this stuff?!
1375318453.0,485,Did you know you can open these on The Strip and get a magazine? I just found it out the other day.
1346717640.0,485,How many of you have found the time to sit down and watch a show at the Aces Theater?
1362766957.0,479,Planning for the future.
1351535087.0,483,I thought you all might appreciate this wallpaper. [1920 x 1200]
1342968839.0,482,"Soooooo, lunch?"
1360528451.0,483,I love this perk!
1369645434.0,474,"""Paint me like one of your french girls"""
1351451377.0,481,My favorite part about The Pitt so far. 
1356955976.0,476,Never fails to amuse me. 
1334121201.0,481,"""Hello again, my dear America. This is your President, John Henry Eden"""
1318429291.0,473,Freaky Weapon Schematics?
1334750353.0,476,This happens too often
1351991147.0,476,"Apparently there actually is a B-29 in Lake Mead, and it is in great condition."
1347715044.0,472,Some concept art from FNV and F3
1347466304.0,476,I compulsively open every bathroom stall I see
1346406865.0,471,"My favorite faction in the Fallout series, what's yours?"
1344497363.0,472,Reminds me of Vault 22 (New Vegas)
1373655105.0,472,I worked on Red Star and got a few pictures with the super mutant!
1373764352.0,475,I went to Pittsburgh today.
1367958078.0,468,He strikes again... this time it's in Rivet City.
1361822569.0,468,Fallout meets Limbo.
1359638672.0,474,Sign found near Vault 87. I'd say that's pretty accurate 
1375045708.0,471,My Vault Dweller cosplay from Metrocon this past weekend
1349564737.0,469,Point lookout is......
1343140871.0,470,Never a good sign..
1337956739.0,471,War never changes wallpaper 
1369504235.0,471,The Nuka Cola Cup winners are back on form for the new season.
1361878867.0,473,The Vertibird Concept seemed quite Badass
1337461134.0,467,Awesome every time
1328544430.0,471,So I ran into Lucas Simms on the bus the other day.
1338102840.0,465,One of my favorite lines in the series
1374580022.0,464,Remember what you said about my name? I do.
1367716786.0,463,I'm someone you want on your side...(info in comments)
1341305655.0,461,Thought you guys might like my recent cosplay...
1359171566.0,465,"Tranquility Lane, such a normal place."
1357788148.0,462,"I made a NCR flag and a BoS flag for the iPhone 4, and figured I'd share it."
1346392384.0,463,Watercolor.  Watercolor never changes.
1345837773.0,462,"I needed a new fallout wallpaper, so I made one!"
1363710777.0,459,This was one of my most favorite lines.
1354988305.0,459,Decided to continue my Fallout inspired art. 
1372391493.0,462,"I came home to my house in Megaton, only to find this waiting for me."
1368844280.0,458,I'm pretty sure I know what the problem is...
1369946878.0,458,The recipe for success. The only thing I ever crafted in Fallout 3
1369568363.0,462,it got really foggy all of a sudden.
1368342773.0,456,"I failed the quest, but it felt SO GOOD."
1365385042.0,456,"Gentlemen, it has been a privilege playing with you tonight."
1343433808.0,460,There - that's much better.  Made with just nail-polish and a pencil.
1336315787.0,461,Was helping my grandpa and this reminded me of Fallout. Thought you guys might enjoy it.
1324756185.0,461,"Years later, I still hate the TA from this class"
1344993944.0,456,An interesting excerpt from Moira Brown at the end of Fallout 3's collector's edition game guide
1336131954.0,458,Scumbag Bethesda...
1371853245.0,461,I think the Deathclaw Alpha Male wasn't telling the Mother Deathclaw something...
1351649727.0,454,The brave little vault dweller! From Bethesda's FB page
1375134208.0,456,"Well shit, Andy."
1373694310.0,451,"Ummmm, guys we have a mission to get done..."
1365169822.0,455,So this guy...
1337868400.0,456,Found this while watching Borderlands 2 gameplay.
1372256007.0,459,Fallout knew
1339722200.0,453,My friend was on the phone with his mom and she told him where he'd be picking her up. I did a double take when I overheard. 
1329763147.0,449,"...and Paradise Falls, and Tenpenny Tower..."
1345671814.0,456,This is why I love the Railway Rifle [x/post from r/gaming]
1336969766.0,452,I made a character like this. I never realized how easy the game would be if I did this
1331261633.0,448,first time using fatman
1375495779.0,456,"President Eden, a true Murican!"
1374900410.0,452,My girlfriend and I dressed up for San Diego Comic-Con as the ED-E and the Lone Wanderer (with a 3D-printed Pip-Boy 3000)
1370638603.0,454,Got a good laugh out of this (Lonesome Road DLC)
1373217580.0,454,HOW COULD HE POSSIBLY GUESS THIS CORRECTLY?
1341707220.0,448,"By far, this is my favorite Fallout: New Vegas quote"
1339971487.0,450,If someone asks me to describe /r/fallout. 
1358350079.0,446,Bethesda registers Fallout trademark for a television program
1345421021.0,454,"Come at me bro! (Needless to say, I had to revert my save)"
1320629701.0,453,Figured this would get more love here...
1376368103.0,446,Sometimes I wish Fallout: NV was two player..
1370989417.0,446,"So, you come to Vault 34 often?"
1341467000.0,449,And now we wait
1376057439.0,447,Rex's Funeral
1373313111.0,447,"Having the perk ""Child at Heart"" at Little Lamplight produces some interesting dialogue."
1367461837.0,449,Progress on my Lone Wanderer cosplay for Phoenix Comicon!
1359277436.0,448,Overly Manly Man in New Vegas
1340728179.0,446,"My personal favorite weapon, choo choo!"
1359201024.0,449,I don't even..
1342134142.0,445,I actually did the whole album. Presenting: Team Fortress 3.
1363920027.0,443,"I know its been done already, but this is my take on fan made Nuka Cola"
1358807566.0,445,Saw this post on /k/ and couldn't help myself.
1329596032.0,441,Pretending to look busy.
1375130309.0,438,Smart Ass [Fallout 2]
1368066241.0,446,Fallout crashing (don't upvote)
1364929042.0,443,My favorite Fallout background. It really captures the feel of the game.
1335436389.0,440,Just not the same as nuka-cola 
1332916705.0,439,Why so many people were amazed by fallout 3
1340642057.0,443,The Strip snow globe I made. Take a look!
1375852273.0,439,So I found a Moonshiner's place in F:NV...
1340461520.0,442,I had Charon hold a few things for me... I think it looks nice...
1341946515.0,438,By far the most evil character in the fallout universe!
1375762481.0,436,Some Fallout wallpapers you may like (fixed previous post; had incorrect link).
1343047486.0,436,"Screw Old World Blues or Lonesome Road, this is the hardest part of the game"
1375716984.0,438,Wait that doesn't seem right...
1363471608.0,437,So I went into McDonald's today...
1362240084.0,435,"I see your Couriers and Lone Wanderers, and I raise you the Chosen One and his Band of Misfits."
1342229571.0,433,The ink spots meme
1364610405.0,437,Lone Wolf Radio
1362164383.0,429,I've finally realized after having this prop for years
1354619771.0,433,Got lost on my way to the promised land.
1348678834.0,436,"Fallout Ronto: Factions (Concept Art, Large Image)"
1335396951.0,437,"Girlfriend made me a pipboy :D It plays all the wasteland OST's, Mr New Vegas, Three Dog and has a working Stat screen that shows I'm healthy."
1332347588.0,438,True story
1376579449.0,436,"So, what did you guys do with those pointless Alien Crystals?"
1363302471.0,433,Was watching The Road and suddenly HOLY CRAP IT'S ULYSSES
1361278813.0,438,Sometimes being bad is more enjoyable
1338513265.0,432,Does anyone else get frustrated when this happens?
1367593005.0,435,"Shit, not again."
1336765900.0,430,Cannot unsee.
1375464255.0,423,Here's My Fallout Wallpaper
1373429409.0,426,What a lovely day on Tranquility Lane!
1366502856.0,430,The number one thing people ask when you ask them for help.
1359770801.0,430,If Ulysses had an iPhone... [OC]
1342892137.0,428,We all planed how we were going to do it 
1370618629.0,427,Just got this at a yard sale.
1369959080.0,427,Got chased into this house by a gigantic lakelurk and it's horde. This is the single scariest 60 seconds in Fallout I've ever had.
1353032466.0,428,"I found this at a thrift store today,three bucks. Worth it."
1338918636.0,428,"""so, Arcade, you don't like where I'm sending the power?"""
1320331111.0,426,Found this when I got to work today. Someone is after my caps.
1373592411.0,428,I see the nukes didn't change who used computers.
1366520212.0,428,"Nope, don't get it"
1360013266.0,429,"Guys I figured out what actually happened to China!

(Fallout 3)"
1354889113.0,428,Wastelander's workplace
1369457679.0,429,Good ol' Fallout 3!
1354149174.0,428,"Saw this on facebook, had to comment."
1351016608.0,426,Found this at a yard sell for $5. I figured you guys would enjoy it.
1338746054.0,425,If this was real I'd shit myself
1365623858.0,425,This Is Why I love Bethesda
1339685304.0,427,This place has a weird vibe to it.
