word,score
who've,1223502
action,1316186
seemed,396502
commercial-free,1459220
enemy,114303
starting,777821
bullshit?,769761
becoming,1447881
heard,16465195
[possibly,743638
unsung,1167013
warning.,1298618
kids,6818110
Would,11307591
continue,1704970
dark?,444832
birthday,3756453
"traveled,",895548
"""restaraunt",1340466
all.,1595871
woman,3529508
individuals,2038340
programming?,1637748
From,642136
teeth?,320531
body,2389199
governments?,842527
cigar,723631
beers.,1429808
we,39319975
"broken,",767752
"enforcement,",408264
Culinary,1748877
"Jobs""?",1523262
midterms.,1583569
well-liked,1507131
improbable,1707395
smooth,814169
many,8250150
hire,2082646
happy.,905798
blew,1101289
school?,1570741
waited,1095172
time,26040789
karma,379530
Janet,1113965
fish,735623
"""Terrorist""",460264
Internet?,1327200
"one.""",1084418
2000,3225751
information,1511738
brag,425553
abroad,218682
expected,467998
Agreement,2047473
event?,2120414
lover,1214019
3X,1640123
folk,1544037
"Whistleblower,",582983
commonly,481551
The,14205507
"daughters,",471869
rose,12840
Billy,288345
mankind?,858795
start....,1353783
laws.,1192604
legal?,1349344
watch,10517404
"""What",3150618
blinking?,787905
fun,3222550
jobs,2048205
Nearing,895548
"forward""",1564917
option,469935
moron.,1177675
who's,1666390
'friends',354727
made?,2397519
must,3014811
"14,",822257
cheese/bread,166354
"""most",532086
octopus,918104
"Watching""",1599964
"history,",1366658
millions,12840
six,175689
her,16107404
life,22316096
"news,",1511738
origin,1203299
April,825533
Gates,842527
"Italy,",218682
funniest/strangest/most,216806
obvious,6571857
whole,3331960
scariest,7135529
salesman.,495116
real,3700961
WTF,1593896
"island,",114303
taboo,258146
entertaining?,901689
access,3208737
Ireland.,895548
taken,1275018
"""must-have""",579050
"rape,",435188
understand?,1067590
new.,1445910
easy,7732215
grease,2127635
murderers,1955182
neighbors,994471
Tabasco,588888
Am,7217598
hilarious?,1361951
listen,3173802
obviously,216603
attempting,683794
included).,168224
December,82857
advertising,1237703
"warm,",1729281
make,35489650
Seems,1825
[Possibly,352825
came,9298466
business,379530
House.,1276756
Aurora,1786004
arcade,899646
programs,1838920
passengers,1434313
destroy,2597386
Daddy...,1237703
Codes!!!!,1922527
inferior,2470153
admit,1340902
daily,930942
enough,2319731
slammed,559450
marriage,1597150
changes,297803
redditor,1743967
kick,379530
healthier?,1756254
offenders,1955182
language?,1833824
parents',404429
unique?,402512
non-swearing,322431
drop,588888
comes,1961238
old,7064290
pornographic,14677
throw.,725631
socially,2648422
commercials,1459220
sue?,1452410
"dies,",862871
series,1052903
HELP,1909162
rule,6006550
"""I'm",1328419
give,5067297
"body,",757696
"""plan",1862001
olive,814169
near,1786004
expertise,1790988
hilarious.,1044517
astonishingly,636207
events,2458763
card?,907850
"""glitch",1941497
pace,1057093
loudly,128780
"tell,",3211442
reacted,669887
countries:,1833824
strong,630274
"murder,",1255015
scams,1917164
death?,458333
happened?,248732
unexplainable,1158501
liner,1763650
imitating,1531478
York,456403
night,8655475
mystery?,1895942
some,71387765
recently,3532322
"instant,",695715
"you,",7998121
chain,36700
etc?,1919840
list?,1259350
"coma,",787905
faced,1376042
flaw,795973
place?,897594
live.,524278
modern,2131320
r/anarchism,1071791
now,19289754
Daily,175689
"""unknown""",1621161
Truth,761714
selective,1527869
abilities,577084
terms,1088269
spine?,1443354
Night,1257182
persons,697711
evolutionary,1997217
assassinated?,71779
got,10939032
"disagree,",222429
"fake,",155178
toxic,288345
ice,1484228
"story""",101344
freak,2024968
Fast,1199017
were/are,761714
30,3292122
"help,",1484228
cleverest,1597615
early,1834684
"""Wow,",1414078
boyfriend.,822257
"her,",630274
patriotism,541848
"""If",275117
bored,2106480
Many,2538881
22,362353
disappointed,982029
"""don't",3035979
legit?,1917164
"one,",1416321
e-mailed,1734172
bike,1025690
download,1646102
Fountain,316735
"redditor,",1251957
"""the""",1743967
Near,899646
stay,789919
saw,4164408
remind,731626
top,7623018
legalization,2146759
fought,25703
"24,",2072747
"finished,",2026235
emptying,889412
caffeine?,1614083
ankle.,1484228
readers,1985826
10-20,198100
Without,1898573
war,1255015
verbal,2038340
Aprils,1632996
tuna,735623
legally,239334
sorry,1281124
reddit!,665917
Men,5581480
half,2488528
remember,2006599
amaze,186882
follow,1475117
15%,1630625
"Dare""",979953
You:,526225
face-to-face,887366
whose,4373685
cancer,997773
loading.,1991516
me?,199970
note.,1292043
name?,410180
stabbed,22025
"Opponent""",1054993
particularly,213058
fields,549670
holiday,1396573
page,1985938
"Professors,",292128
"""Mens",1668788
party,4511759
advancements,1927923
people,56751972
this?,2712322
pretending,1311562
"Yesterday,",2486127
rights,860830
2004.,2063104
caused,1324990
mi,1367588
desk,569245
passing?,1683216
'fan,2163657
travel,309159
speculate,194359
y.o.,569229
"radio,",444832
okay?,464130
suicides,1209731
remote,614493
skip,1583569
wish,7131098
facts.,1367128
against,6774698
Where,4972504
"slogan,",400596
chastised,429408
breeze.,1539417
confections.,123569
wrong,2745338
rebel,226184
lowest,1173404
"recipes""",1340466
obliviousness,79162
cab?,1445616
perfect,2112220
"""Red",705672
(2),1555628
rape,1680806
deepest,1445616
bottle,1344903
bus,777821
underpriced,1167013
enlisted?,237451
honeymoon,543806
conditioned,123569
"before,",731626
Could,2431015
cry,1124545
other?,1820929
future?,341408
Keeps,526225
year.,1576085
robbery,1862001
child,3177031
twice,1196925
"dealers,",1919840
week?,1495671
overpriced,508706
chips,77318
did?,1432058
subreddit??,1015271
open,2766492
slipped,1502578
legitimate,2196784
turd,616468
tasty,735623
'one-liner',887366
East,1546355
"""Truth",979953
culture,2185236
debate.,2017388
turns,1197981
combined?,899646
workers,5316632
stolen,1751401
everyday?,1956886
report,1836371
stole,1874998
"existence,",229942
bigger,2050545
job,12295610
all,28310000
list,1222617
opposite,1739369
roommate,244970
worth,4038360
restaurant,905798
enter,3049446
peeve,834401
fell,1497068
nostalgic,926312
upset,1192604
average,4794688
gifts,1668788
change,8880517
leader,458333
when,45490895
go?,4440215
iDevices?,924260
yet,5043208
know?,33875032
religious,909901
rest,3249656
Birds,1257182
"fines,",1438830
diseases?,1126663
almost,5177486
given?,1265866
"Yello,",77318
Isn't,1307393
see,20948556
"""serious""",213058
New,3022162
"2050,",812148
students?,2652645
[UPDATE],4558342
8,463634
"now,",1019435
crimes,1255015
text/message,136565
scumbag,4900274
labeled,1678400
draw,2594789
taste,140281
scientific,631548
"billion,",1009020
marvelously.,427481
prison?,1721485
ignorant,1416321
scams?,1726849
"York,",157041
Raspberry,1974574
visit,4179227
packing,665917
"deepest,",652035
game?,4120371
"(Also,",1550981
There,324328
opening,938635
plane,2935486
issues,650054
me,70506077
drive,5271044
account,592826
already?,1977366
disturbing,2845476
Do,10119624
manfact,305371
AskReddit:,3656
none,103189
prehistory?,12840
games?,725631
business',775804
password,909901
Agree,275117
"user,",462194
wonder,1593618
etiquette,406344
summer,6844355
moment.,733623
speaking,2005784
Even,626328
SEE,4080038
shut,1739059
text,311053
less,3024779
Germans,1572058
morning,2347431
"person""",246850
meant,2212603
again.,1730824
industry,1640540
genetic,2859938
fact,15478534
anyone,18176128
liked,1324990
experiments,1983006
smile,777821
teach,703685
"""unspoken",467998
enjoy,1349344
react,921299
thank,822257
coming,2134735
"dog,",360447
girl,1853699
hope,2073325
teacher,288345
highly,4080038
boss,2253429
boy/girlfriend?,1500251
plans.,1084418
peers?,93954
Grandpa's,456403
"forward""?",822257
pisses,1537513
behind/reason,1371579
/r/politics,2017388
automatically,2406574
3,4179695
complimented,663936
opens,1808499
that.,99500
event,4265069
hair?,471869
facebook,1751330
red,3761445
birth.,616468
into,15775916
American,2733473
"bed,",179420
those,7268650
insightful,1817374
children,5107616
extremely,3110362
debate,549670
Korea,2079079
SUV,1057093
whom,2002916
congress,299695
legs.,814169
work?,5585659
"upvote/downvote,",1695279
absolutely,2221433
Radio,789919
"hold,",1811022
working.,1078099
pics,959252
deem,669887
such,3939224
wandered,1042418
staff,60705
one.,723631
"""the",2284200
upstairs,16512
while,12121073
Is,6208715
given,5220584
cereals?,77318
"ignore""?",2109928
phrases,1073894
spent?,928366
UNBELIEVABLE,677838
[Company,1946955
friend's,1231836
ways,3354624
enhance,1472841
"awkward""",1006945
inclined,1609373
realistic,1347120
games,1255015
'screwed,392927
unexplained,1351560
Bill,1496543
ride,433263
rise,1257182
Years.,657983
People,6198649
karmanaut,162632
display,207440
intellectual,2066308
nearly,3165110
look,7342810
citizens,1667937
(30,1795978
maybe,103189
boredom.,252494
"""he",391011
meaningful,222429
now?,2926983
deliberately,2339355
Soldiers,237451
culture?,765739
"""give",423632
why.,1209731
around,4461471
meal,467998
pop,198100
surprised,1368070
School,1680806
written,2127635
on.,3129840
exciting,110592
Now,6158237
"""golden",1289854
Writers,2092789
edit,1668788
.,1790292
yesterday?,1196876
food/drink,537946
bumper,2020325
anybody,1342681
statistical,190621
(for,149591
cars?,1416321
clever,1683216
Subway.,1160628
LOT,1702545
find,9505432
2009,2072747
SOLVED,1150003
"hidden"".",280779
9,18350
Mechanics,1778530
first,13253358
honor,500938
weak,1126663
donates,1438830
increasingly,982029
comeback?,1530177
"scariest,",1818605
titles,1046616
collapse?,1380512
Russian,932470
obviously),164490
"them,",1850231
game/software,1949701
ask-a-rapist,963385
brain,1025690
not?,767356
alcohol).,899646
back,20574731
schools,3469972
stoplight,1152125
BEAUTIFUL,149591
employer,5299897
practice,636207
pooping,775804
"""Worlds'",1862001
"scandals,",1511738
towards,1486513
take,12150252
information?,1991516
giving,317574
MEU?,2131320
garage.,1042418
audio,1327200
possession,1118197
unrelated,2520675
President,848627
Ngesebus,1356004
customers;,1416321
email,1630625
Pilots,3024896
Sullivan,535992
minutes?,256264
stop.,64390
(like,1992735
history?,2986981
"mysteries,",1925215
famous,5994213
smart,246850
working,1080204
science,2017388
smoke,723631
creeped,541848
$50,1292043
Bin,1113965
innocent,1305194
Psychiatrists,170095
exactly,4610744
timed,901689
"age),",988236
mistakes,2599030
Double,612529
"time,",1771471
in,177536672
yourself,5597344
pages,1991516
shouted,800014
kittens,3656
"""let",429408
books,4284974
"boss,",1495671
otherwise?,125426
ridiculous,3952019
high,8255637
"Avengers""",101344
February,2072747
uses,106892
discovery?,618439
nation,1113965
worries,1867186
combination,47786
mid,1101289
"notice,",1078099
girl.,630274
literally,2198059
crush,2055385
grandmother's,252494
stop,3885067
"artists,",473800
emotional,826304
"hair,",1101289
hundred,569245
"biology,",549670
employee?,1541728
twist,575122
retardweb,683794
actual,1432058
?,1330537
convinced,1488800
*Throwaways,2154855
said/done,663936
over?,2993232
America,1691857
support,3977901
critics?,1287668
father,1810122
movie?,1237343
more,21237056
originally,598731
incredibly,1425777
gone,2358907
personally,2223312
months),149591
exists?,6391664
"Quick,",1828746
lyric,2044422
live?,537946
with,86875873
function,848627
penny,335713
"segregation,",650054
(2-6),1120314
isnt,1194737
Sell,1675995
"issue,",802036
2-weeks,33063
vastly,158904
Jar,31223
Safari/Apple,924260
smoothest,1898573
bride,467998
owners:,433263
bottle.,1154250
damaged,2153165
"3d,",261913
address,1947360
says,1535401
texted,1214019
Biorkman,316735
society?,25703
bf/gf,479607
diagnosed,3656
mine,1471726
player,404429
business?,789919
dick,810128
can't?,373792
sisters,1668788
Microsoft,924260
couple,5044289
words,1073894
stranger?,371885
again,4557319
radiation.,288345
distributed,2146759
survivors,868982
marches,988236
interwebz?,2041381
type,3025863
favor,1564917
dark,1993194
book?,938635
overuse,460264
saved,4505647
bitch/bully,729624
happy?,528177
"profession,",1625885
"""reactivate""",697711
learn,2690770
respond,349018
don't?,1955182
Barbers,20187
"""stretch",879189
limited,741632
stimulating,2076026
jaw,491241
Average,905798
novel,739632
Clinton,848627
conductors,456403
This,707338
page?,838463
Day,2988770
od'd.,1376042
realized,6385811
sat,3251009
description/analogy,561406
"together,",818210
funniest,4097012
like?,2061431
hide,1597615
everything,1574233
Alright,2824726
bag?,1661600
A,8581676
devious,644114
knowledge,1300809
experience,7977019
Meter,288345
teenagers.,1771074
Monopoly,725631
made-up,725631
Artists,669887
years?,5793378
ones?,1459220
"ones.""",731626
archaic,1073894
"era,",213058
kidnapping,822257
read,9290308
"lines,",1520958
suspicous,51476
FBI,1555628
character?,824282
Then,2168836
Reddit:,19424394
even,9915986
Boss,569245
place,5670569
make?,1429418
Family,1285488
"""rookie",992395
painful?,231814
100+,433263
disclose,1946955
"internet,",1084418
decisions,743638
coat,644114
"""love",101344
itself?,1192604
"""guy""",1668788
moral/ethical,1811022
Found,1525561
[NSFW-ish],1486513
Lawyers,5309041
over,15842090
game,4644969
24,893500
bottled,998616
dreadful,1758723
"dad,",1156373
signs,673865
excuse,2859088
:,1409595
them.,2926836
passion:,1475117
require,584953
recipes,1162972
viewers?,1255015
again?,592826
"law,",549670
"""this",697711
talk,7288514
figure,1468298
alien,618439
how?,1298131
directed,2127635
Teachers,4679534
month,1041892
salesmen,1692863
garbage,889412
"hate,",1485441
brought,2382203
love,4096790
realize,12567533
publicly,2361782
not,46151016
Graveyard,1080204
generous,489305
bad,6064247
normally,713646
common,6025022
"GB,",186882
clients.,852698
this:,1084418
date,4652233
cards.,316735
execute,818210
non-Americans,541848
pay,3964467
picketing,1786004
living,5858385
managers.,177557
bit,1851714
experienced?,2550189
ridiculously,497055
flyer,84706
seen?,9419736
heard?,7838893
lame,1668788
approval,842527
discussing,280779
"then,",222429
rob,725631
treating,2029249
roughly,1793484
less),1795978
handheld,288345
Show,1666777
spent...What's,928366
computer,8629352
night's,2017388
"happen,",71779
cooks,477671
Non-English-as-a-first-language,1218315
unless,1316186
flown,157041
countries,275117
1,68085
assigned,1244192
he/she,669887
others?,895548
guy?,1329403
"""tested.""",1285488
terrifies,1758723
"""un-said""",767752
passed,1428032
surgery,871023
Hey,5411673
screaming,149591
debit,907850
raised,1801346
manners,727627
way?,1342681
music,4547716
"longer),",1640123
eating,4687007
public,2084529
one?,2404080
basis?,284556
degree?,584953
start,5948964
"footage,",1261520
fluent,275117
"expectations,",1360455
uncomfortable,99500
smile.,1479665
crapped,446761
fire,1541728
stop?,3134791
#1,612529
intelligence,1344903
deliver,243092
materials?,92102
bare,110592
'archaeology'?,267564
manufactures,235571
offers,406344
lifestyle,1756254
fully,652035
"explain,",911951
curfew.,1338253
establishment?,743638
would,83300106
v2.0,1826212
Done,243092
entirety,1378273
topic,127284
Zero,526225
No,1289854
dreams,1420816
Horror,347113
Mindfucks?,1143625
"accounts,",1216162
generosity,489305
head?,1592924
overgrown,183147
classes.,1420816
first.,1772556
discussion,648073
unexpected,2787534
doubt,2035305
Moms,881236
manually,616468
cheapness,398681
old?,4616557
Bartenders,2309517
"hypothetically,",71779
relative.,252494
light,4083317
realizing,873062
greatest,9221932
pumps,934523
"""Google",1523262
Reddit.com,1991516
stories,10111981
anymore,812148
added,4090135
teleport,737628
each,7195038
unfilmed,739632
brands?,1167013
(say,1640123
angriest,364264
uncomfortable.,444832
11,755683
"""where",1222617
"page,",1836371
truth?,301586
pretty,2111532
tabs,1808499
really?,1534801
wronged,2154855
shipped,1874998
scenario,522326
minimum,86558
"2013,",203704
Staff,687759
use?,598731
business.,1960698
passive-aggressive,64390
misinterpreted,806082
Well,14677
piracy.,299695
Joke?,1013189
means?,1292043
"this,",965333
Major,1371579
Christmas,3095115
basic,3801720
BS,1272401
spot?,2082646
police,4417689
regulated,1768594
"bullshit,",3369920
BOSE,1167013
Chord,1371579
"of,",652035
test,1899630
disappeared?,1248518
crazy?,84706
group,437113
Dad;,375703
career,3594893
apply,2639159
"gimmick,",598731
"""leadership",177557
sort,2602485
"DAY!""",149591
prostitution,1768594
won?,1281124
image,520375
convenience,84706
motivated.),190621
Best,417869
leaders,464130
stolen.,1025690
Hello,665917
South,1193881
peacock,1042418
stuck,2871448
traumatized,385269
extended,1779828
sharing,592826
finally,2086178
Someone,5493307
closest,2914366
complaint,1537108
tired,4002232
Caribbean,1675995
person's,2116879
2012,1866372
lab,1611726
"heard,",410180
"wall,",723631
"""Killed",1054993
let's,911951
60s,895548
Any,3623725
Election,201836
drank,1344903
brand,2129259
peoples,1011106
reader?,1985826
clueless,454476
emails,1630625
answered,1550981
So,10553708
together.,222429
Don'ts,1607016
printers,1503177
dropped,1645491
Today,5252892
happening,687759
sexually,1296180
"flat,",561406
button,1308221
"roles,",1527869
above,1407354
Blind,1065492
(Pic,168224
much,12590748
algorithm?,1825
wondering--How,642136
son,4984054
gave,9593562
shower,4700856
I’m,286452
jurisdiction,1555628
overlooked,2056776
where,18566147
recommend,3767288
"rule,",767752
instantly,2627192
woken,522326
scheduled,261913
beer,1429808
nicest,1564605
Elementary,1244192
might,2511196
beat,1356004
search,2783396
Ten,871023
shit.,581019
explanation,290235
odd,16512
write,2017388
self,577084
"clear,",1342681
cube,723631
bothered,64390
blown-up,1113965
thought,11438018
Two,1723401
"""pay",3952091
"twist""",179420
help,12769698
image?,948928
speakers?,452545
underused,567287
does,19501669
confusing,1766117
"know""?",532086
smartest,2472146
moronic?,345211
surprising),2096194
"FB,",1263693
broken?,1477396
associate,1092852
started,945529
customers?,4195862
hard?,516486
"""Must",721635
S.O.,263793
Gunshot,868982
fails?,404429
sexual,1576692
accurately,669887
local,5540911
'secret,600697
college,6089779
luv,683794
dangerous,963385
lifehacks?,356634
Commuters,66238
planning,1786004
"gossips,",1511738
nuts?,612529
guests?,60705
entertaining,2017388
class,5303900
"traffic,",66238
Secret,628301
behind,1564917
sending,1497957
$7.,905798
end,1627389
wished,5491
Area,394844
humiliated?,1201154
proof?,959252
achievement,893500
coordinated,818210
give?,761714
"apartments,",1011106
hungry,177557
"disappeared,",539897
weekend,1495671
comment,2808316
55;,1628254
stranded,114303
cranking,433263
debate?,648073
'happy?,1371579
hear,6202204
before?,1128786
kindness,1064911
kicked,29382
professor.,2017388
browsing,1326831
Ricans,1447881
motor,1027779
recipe?,1952439
cyber-bullying.,559450
idiocy.,852698
catastrophic,145864
NSFW]?,1654432
Trolling,1088634
customer,5804032
Cake,1209731
bathroom,1815741
proud,254379
bunch,1808499
18th?,185015
leave.,723631
church,1786004
"parents,",177282
minutes,3647115
world:,731626
If,51522899
"ever,",2089384
here?,1237703
enforced?,2372695
tape.,375703
"sociology,",549670
security,5759748
rudest,903742
together,2200695
moms,288345
told,25115223
COVERED,218682
[update]My,1376042
amazing,497055
Divorced,673865
junk,2731914
screamed,1427560
kinda,1704970
awesome,3134773
awkward,2569520
darker,1831287
elevator,243092
electric,84706
laws/loopholes?,1714677
illnesses?,170095
learn?,899916
favourite,7014944
undo,1909162
'sad'?,1371579
"awesome,",1781018
pizzas,391011
120,1846587
drunk,1429808
History,1143625
pick,2982991
helping,3361721
potentially,630274
I'm,22333221
2020?,1567240
credit,1874998
"weeks,",497055
stave,252494
silent,88404
truth.,362353
invention,858795
universally,1307393
suddenly,4313330
idiotic,290003
scene,1555628
positive,920160
punchlines,749658
don't,25947494
night?,1624010
British,765739
seem,1819865
Spain,144001
historical,2120414
cheap,1154250
Marijuana,2146759
users,5734913
Sex,216806
prove?,709657
bumper?,1702545
Sopa,862871
website,7630699
TIME,419788
Hands,1516346
trip,1791096
untimely,1222617
house,1513610
"Rather""",1635365
anything,5060630
broke,1484228
On,2285313
"that,",3926064
month's,489305
going?,783877
"LAX,",2127635
Our,1078099
responsibility,275117
say,12959722
weirdness,777821
worst/funniest/strangest,852698
What's,101122000
lying,930417
glitter.,644114
boxes.,1555628
ungrateful,1427560
behavior,1783515
speakers,144001
big,7880777
His,1482097
point,5099716
knew,2126971
horny,1654432
minds,1242023
lines,1059191
debunk,190621
chronic,84706
guess,725631
keeps,1533822
cases,1281124
lock,924260
Since,1969203
touching,800014
seconds,2322349
"Likewise,",502883
your,218892002
Have,15242875
divorced,362353
experienced,4581955
embarrassed,485425
feature,2072747
fulfill,286452
"neighborhood,",1042418
Blockbuster,1380512
"awareness""",707665
"healthy,",685778
experiences,1626854
pumpkin,787505
religion,1358229
"World,",444832
advantage,3601466
status,4412561
one-hit,415943
useless,3389514
you?,23560688
"evidence,",1925215
you...,988236
last,7159459
Redditor,16512
"down,",2446763
unbelievable,1080204
rage,1226465
old-fashioned,727627
I'd,5912981
rovers,320531
"wedding,",467998
myself.,1316186
position?,1811022
world?,99500
call,7261703
cash,1597615
belives,959252
forcing,924260
their,42301100
"mistakes""",992395
news.,1050807
removes,1695279
hilariously,1790988
uncovered,190621
(mixed,77318
excited,1294464
"1969,",535992
til,971657
stepped,168224
major,3759054
Steubenville,1680806
altered,1595271
"language.""",275117
watching?,1621161
slowly,2079327
protest,2559195
ONE,2581653
Japanese,1662628
polls,1276756
factor,940693
illness?,2029249
couple?,965454
ex,430272
"flooded,",1107623
"""picture",1911828
Brown,1836371
Wouldn't,1192604
stereotype,481551
thread,6553747
turbo,1242023
choice,1495671
House,654016
seen,18623837
fact?,3158405
level,1373808
reducing,235571
cigarette,1242023
receiving?,1668788
"income,",1216162
sick,1555628
"is,",1555628
(Story,2035305
Owls,1257182
"""reward""",147725
"five,",1983006
daughter's,149591
scared,1130905
situations,2171285
Street,1468298
quickly,988236
'Stop,848627
displayed,1407354
there,35308942
defects,1126663
Ziploc,1661600
doing?,3793403
world's,1150003
them?,2331972
deal,3601181
weddings,402512
Nsfw,2824726
hilarious,1349317
creepiest,7371992
Dominant,1371579
oven.,88404
teachers,3264376
Ed,752798
decision,2082679
stayed,55166
okay,464130
blowing,1753354
ask,12589858
badges,661947
changing,1811022
think?,138424
West,1546355
Google,3902296
packs,154636
doing,2049672
has,59219913
resources,1209731
"Coke,",77318
brings,497055
"morals,",1640123
awareness,707665
reddit-,563365
adult,2798329
possible,1103859
false,431332
stupidese,683794
salary,2531683
"depression,",920160
Microbes?,194359
"internet""",1618802
scolded,1160628
hear?,2005787
middle,2169916
searchable,1919840
Tattooed,5491
vacuous,1678400
"recently,",252494
ended,3187064
eaten?,586919
too,5770722
buildings,55166
quality,2939179
genuinely,1518656
disagree?,275117
house?,1007609
Classical,2005787
quite,2095954
worse?,3860846
"""plot",179420
throughout,2465489
tell,11610927
Easter,1181936
if,36718341
viewed,932470
"products,",530128
I'll,7659120
stupidity,88404
day),1495671
little,12832200
"Apparently,",1214019
increase.,1913971
torture,1846587
(but,3850192
spend,7189828
drown.,1107623
decorated,456403
NSFW),4839542
sentence?,1597615
now.,862871
couldn't,2172106
pants,723631
shushed,88404
turn,2900931
"Men,",1120314
"""Holy",412101
defended,250614
reddit...,1244192
address.,419788
over',392927
across?,1518656
"true,",1235547
cake,1411037
needs,4337772
being?,1486513
overstayed,713646
programs/applications?,1181936
sentences.,1930637
tiny,1242023
money?,4197278
meat,1611726
paranoid,2219474
harshest,638612
(story,250614
played,1532688
dog,1491823
"20s,",783877
redditor.,642136
Earth,1373808
passage,1888067
inside).,912561
murder?,2038340
fake,1867853
trying,286452
last?,673865
mistake,314840
favorite,21541925
accepts,1721974
emergance,942752
redesign,757696
ever.,383357
face,2777689
Im,29382
hold,1539417
Here's,4650843
Europe,129143
spying,1823673
leaves,2596968
oil,814169
heartbreaking,1000695
30k/week,228063
GF,2799529
Pledge,1083696
shoehorned,101344
gay,650054
Emotionally,119865
saying,1484228
"around,",975808
classic,749658
work,20815994
$4.95,84706
food,5841603
inaccurate,669887
little-known,5048969
"make,",665917
made,18571403
$80-100,467998
OP,850665
accent,1531478
flew,1773556
they'd,14677
register,1919840
sounded,404429
Pirates,1675995
Whitney,99500
creative,922210
dead?,573163
sociopathic,502883
horror,4613709
"HIV+,",751670
censored!?,1854286
piece,4397595
Hotel,404015
yrs,471869
Some,190621
SOPA/PIPA?,1616443
condition,866939
thankful,34903
legality,1432058
etc,683554
"marriage,",921423
fix,1991516
Bosses,2713526
user,162632
German,278197
welcome?,713646
media,1255015
belittle,466066
smell,918104
it.),2035305
making,5963497
inviting,1773556
love?,2885561
Cheat,2580510
Tonight,1557326
strapped,1252849
potential,822257
reddit,18342782
Waiters/waitresses,1286847
server,86558
"fiction""",1712250
situation,3890142
number.,2020325
homework,846591
vinegar,3237604
chance?,350923
craziest,1585311
blame,1255015
else's,1312215
and/or,669887
lottery,606612
part,6153300
under,4700141
"him,",1124545
consumer,707665
supposed,1557950
"""Guess",1156373
Mondays,785890
speaking.,848627
Fools,825533
'ugly',1507131
real-life,2179266
spectacular,1398402
class?,1175538
More,34903
tried,3883187
links,3489305
"""Would",1635365
"different,",665917
[Modpost],1596421
graduated,1420816
"tendencies),",502883
lie?,1502542
wierdest,522326
(Possibly,2715569
"questions,",466066
meanest,903742
case,3288265
"Dare,",761714
spill',444832
laptop,1987010
co,1124545
viewers,599390
there's,305371
social,4068699
about?,23866519
savvy,1927923
"fell,",437113
dealers:,998616
explained,3470316
"TV,",551626
"Barq's,",77318
catered,177557
press,1935751
What,406796920
move,1707722
discovered,4416445
combo,566950
evil,858795
spanish,1909162
7th,1371579
silky,814169
meet,4755000
con,950992
hadn't?,179314
him?,2122616
paying,3174290
boasted,506763
dream,2843261
Was,1248518
"lies""",871023
talked,751670
discuss,2233991
handed,1330618
once?,1184070
AIDS,751670
unique,1118197
Zoo,719640
google,1985826
someone?,3990493
mislead,260028
insane?,149591
leaving,1988102
"""rule",1423060
overhearing,444832
life',600697
rude,2523223
Biggest,1143625
"NOW"".",1414078
"glass,'",495116
recognize,646096
intern,1078099
finance,842527
back.,1734172
walking,437113
PC,1688029
"thought,",1484228
order,573190
2010.,1491088
worked,2720142
scold,1160628
"""Richard""?",534041
funeral,99500
One,3583013
met,4662076
inside,1685621
commiting,883276
phase,1488800
Please,297803
"adults,",2038340
"it""",489305
party.,456403
"Matrix""",1941497
everybody,2794265
"2am""",1773556
on?,5994799
ascend,1373808
anywhere,1786004
worst?,392927
National,1869790
Has,1466908
boycotts,1491088
alphabet,1333829
absolute,2019541
different?,2659558
He,4804859
gained,654016
jokes?,749658
"""well",1006945
expensive,5240805
eventually,1126663
down?,38575
outdated,1872393
"sorry""",594796
style,1599194
walked,2963363
'don't,971657
disrupt,239334
backgrounds,190621
room,1070304
month.,84706
pee,1685621
"wives,",1668788
essential,685778
agree,503208
Medical,1329759
Mexicans,144001
man,10162231
500,1351560
"conference""",177557
counter,423632
marijuana,1432058
Fools'?,1632996
everywhere,123569
stores,307264
requested,2179266
hobby?,1423060
looked,88404
least,2056637
thirties,1177675
had?,3551243
Lincoln,261913
yr.,717639
SOPA,1924074
interview,2082646
try,8202589
piss,1101289
Reality,551626
"Parents,",781855
copy,1895825
veterans,25703
100K,241215
souvenir,669887
"best,",1038234
outfit,646096
laughed,1101289
whatever,2763721
font?,1233385
company's,801192
4,1495671
visited,1059560
awe,2026235
traffic,800014
shitty_watercolor?,162632
MacGyver,1268042
staying,1825
redditors/long-time,965454
wife,261957
children?,3920136
up?,3871893
man's,1466027
running,661947
are,154132767
new,11084290
released,3195816
Casino,791936
how's,783877
Walking,168224
isn't?,1562787
Child,1298618
dings,1233385
start.,4435806
You,3053932
week.,3656
List,2580510
normal,946584
hidden?,1723064
shivers,1443354
assignment,2017388
son's,157041
officer,1344903
it),1951055
use,18599023
adults,3810088
"along,",362353
Waiters/Waitresses,1017352
Conde,2047473
karma.,311053
accidental,57009
thoughts,1109737
certain,2974734
seen/heard?,1569572
phenomenon,198100
horrible,2630546
attack,493177
YOUR,4686345
toddler,800014
Maps/etc,924260
ignore?,1031960
non-English,1833824
CISPA?,1548667
"""poor""",1952439
state,1447881
Let's,1389449
internet?,4680487
seeing,1616443
took,6161946
"report,",375703
family?,362353
Fathers,1021520
caught,5891479
gain,1205441
"meeting,",261913
Exactly,675852
which,12105973
can't,11072714
myth?,1162757
please?),199970
he,15041564
sample,1583569
webmasters,661947
mail,697711
résumé,116159
subreddit.,297803
Netflix?,3204653
covers,773789
sometime,12840
after,15634904
They,419788
cook,1957938
tip,86558
taught,1830361
list.,2179266
"fingernail,",186882
otherwise,1305194
"#1""",1423060
ceiling),1342681
attempted,224304
plan,644114
play?,53324
landlord,489305
See,721635
Car,1692863
stupid,5405391
secret?,1023603
excuse/,38575
diners,571205
occasionally,3244939
Government,2952459
xenon/HID,2159044
"say,",1450741
router,3983032
lot,5023659
"pizza.""",218682
HELP!,419788
nothing.,1065492
thinking,2480547
R,1697699
became,331916
spell,683794
reaction?,1074607
multiple,549670
"""Yo",500938
"remained,",1405116
"son,",16512
answer,5503845
Will,2355350
guys.,1259350
Circle,316735
"this""",1666390
90th,456403
"Twins,",277001
improved,280779
"Reddit,what",1895333
employees?,177557
sign,1608877
redditors?,814169
probably,2935913
whats,2844627
satisfying,1502542
"""healthy""",1092852
penny?,1798477
accidentally,4247136
it?,17217836
"cool!""",341408
"involved,",1285488
up,40867473
eaten,573163
train,912806
in?,8719078
"""hidden",1642511
past,7278074
youth.,1289854
moral.,177557
he'd,1242023
$100,312946
see?,4439565
talented,99500
individual,392927
(possibly,3983396
concept,1065492
reddit:,868982
Couples,2253356
WITH,1459220
laugh.,243092
liked?,1324990
Allegiance.,541848
statistic,1407354
(it's,899646
Need,4887282
halfway,1420816
ten,1574233
~9,186882
kindest,387182
panned,1287668
"""history",1712250
brands/products,1167013
row,1564917
never,32344528
scandal?,1700122
traction?,1205441
posts,3655562
"IRL,",258146
"""adult",856757
Ok,1922527
tomorrow.,1786004
day?,5343126
"mothers,",1668788
difficult,1543288
longest,551490
we've,830357
NON,1141504
marked,573163
donated,131002
year,10134001
Victoria's,628301
saddest,2313873
waste,3609561
boredom?,164490
bizarre.,153312
"elaborate,",157041
brothers:,305371
alcoholic,2859616
variety,154636
had,41089086
CNN,1496571
similar?,396764
with?,6127932
creepiest/scariest/most,1336040
X],1946955
term.,1084418
pitch,228063
done?,13840847
client,852698
law,1496898
lose,4490221
abuse,1376042
vote,347525
ads?,741632
Chinese,1555628
KO,1054993
stuff,3339395
"""bizarre""",977877
sentence,2429030
Netflix,751730
"company,",697711
superpower/catch,47786
trips,157041
random,7783862
equivalent,1293208
scores,42258
better...combining,1216162
6-hour,549670
didn't,8375243
18%,86558
dead,3046996
Wgat,1209731
"uninformed,",199970
recurring,1420816
episode,1944780
younger,5827545
launches,1585902
IP,419788
$3,1957938
wearing,1075504
Bing,924260
provide,959252
break,2379876
movies,4039944
(Or,1128786
U.S.?,1869790
Did,3337065
"friend,",373792
Update:,3601558
chiropractic,1960698
died.,75473
minutes.,1214019
changed,2724852
dollars,2206717
cookie,1491165
everyone's,1407354
May,957186
hired,3874584
sitting,2214684
types,731626
still,20511813
world,6428556
dumbest/most,454476
youve,1156373
"only,",177557
COLBY,360447
program,2746223
100,3241613
myself,2392575
inhale,777821
alone,751670
statistically,3041224
Go,1237703
"children,",381442
teenagers?,1177675
"today,",1999070
venue,810128
"late,",1052903
secrets,5876869
tax,2385208
clamoring,1113965
learning,1472841
"shelters,",82857
theory,977877
it!,1909162
reading?,1668788
us!,1890692
gets,3802642
"""You",349018
Information,526225
another,7471269
Mother's,881236
astonished,398681
joke,11619303
beautiful,4660698
learned?,2135078
Father,630274
victims,2221192
anymore?,727627
guests,1279233
"black,",1065492
noticed,1590583
"""There.",559450
arsenal,887366
aren't,7156900
tin,1890692
Parents,5130780
Mars,194359
water?,747940
shortcut/trick,1736616
'Jar,31223
professor,1734172
street,948928
ending,1443354
asked,5578205
51?,394844
Whats,11380661
sites?,1263693
born,1771074
confront,1078099
'alcohol,495116
acceptable,1783515
identity,1488800
cons,271341
"drivers,",1445616
tells,441120
advice,13595521
Employers,2082646
(Potentially,1856851
"knowledge,",73628
charged,2038340
acceptable?,864907
laziest,2350669
resulted,1898573
amusement?,1244192
worry,1120314
me.,8018637
be?,14564933
day.,1630625
Cosmo,975808
fuck,4774413
existence?,1893319
vehicle,1027779
recent,4035563
out?,7682434
"""it's",203704
meal?,3455895
seems,1766117
"installed,",1534801
non-issues,1704970
it...The,1922527
"evil,",875104
homeless,2148855
"out"".",429408
services,1270221
googled,1222617
breathing,755683
large,1209731
other's,1389449
[Megapost],1632996
letting,1107623
Right,84706
"""unprofessional""",116159
punish,1361951
overheard,3625568
YOU,755683
Describe,213058
window,1849836
gay.,58764
traditions?,222429
cost,84706
fired,1528850
guest,963831
preserve,735623
English,2046110
haven't,3712496
'useless,151450
"child,",421708
get,28636804
and,235094820
Jong,71779
played?,979953
way,19571550
PETCO,1107623
awful,516486
diminishes,2079327
"""can't",489305
subreddit,7428990
happen,751670
sent,2968669
one-liner,652035
feet,391011
intoxicated.,743638
driving,922210
About,427481
urban,1162757
such?,1717105
$4.,905798
"out""?",423632
"language,",55166
believes?,588888
(yay!).,84706
U.S.,2131320
"lottery,",723631
stupidest,3217320
We,1444321
Feds,1432058
intense,901689
"""Communist""",460264
Valley,235571
nature,940693
items,92102
poison?,573163
office,2191107
theories',2163657
occasion?,337612
annoys,1828746
(and,199970
wants,1973556
older,429408
yet?,286452
be,62815588
"action.""",1862001
sense?,481551
as,39594723
go,17132967
"observe,",973731
pencil,2127635
paid,3166776
brilliantly,88404
freaks,988236
Abraham,261913
annoyance,326227
related,1263693
Mitt,1276756
close,1811596
"honest,",571205
fundamentally,1595271
Jon,175689
turning,183147
threw,2168191
"hurt,",1369349
Anyone,1675995
coast.,1828746
inanimate,803307
Redditors:,2756732
"thieves,",1919840
restaurant's,1199017
federally,1432058
mom's,731626
far.,1898573
ridden,456403
bond,944812
fact',151450
lazy,1078099
manually.,3874584
folks,1927923
"Canadian,",648073
cheese?,166354
car,5430010
say?,1156373
Garfield,785890
Aussie,765739
embarrassingly,1571903
negatively,669887
ruining,634233
Grandma,988236
ploy,661947
sees,1808499
widely,2025705
member,1859423
absent,177557
candidates,1084418
sound?,1099181
impressive,116159
MY,112446
$$,1438830
"for,",816193
largest,3160131
eyes?,1017352
confirm,62548
penguin!!,1525561
redditors,3274691
frequently,1400638
"else,",1309595
smush,777821
thoughts?,848627
"bag,",777821
pack,665917
afraid,1120314
"pharaohs,",464130
incorrectly?,1400638
birthday.,456403
stipulation,875104
unspoken,1133025
position,1811022
"innuendo""",856757
Area?,3656
-,11185911
silliest,1645219
sex?,2108810
Sears.com's,1854286
dumb,1229077
horrific,1426714
fall,1130414
defy,1052903
question,6957677
since,6842411
president,804060
other,28858852
days?,1124545
she's,157041
meanwhile,1046616
Hunter,261913
promote,461864
closure?,1248518
diamonds...but,320531
"""Oh,",2354575
pirated,1459220
rewarded,814169
camera,3097955
consenting,2038340
real-time?,549670
"system""?",1353783
"farm"".",930417
SO,2354037
most,109136935
down,8300949
tourists,669887
earth,55166
years.,883276
committing?,112446
victim's,45946
Logmein,419788
always,15606570
(details,661947
everyday,456403
instances,1344903
boxing,1054993
fee,84706
Drive,1652046
jokes,1722757
$100?,2863401
20,1177675
five?,602667
file,695715
terminal,286452
"online,",818210
Americans,2966172
pictures,3213615
alcohol?,2694469
upvotes,311053
Students:,1175538
OWS,848627
occur,1084418
till,2014459
gurl,683794
accelerator.,1242023
fighting,1885643
successfully,1053139
"year,",996543
Methane?,194359
Tiger,1057093
stack,671426
shop,1778530
Iowa,561406
distant,341408
"""classic""",462194
derp-itude,84706
spouse,377617
clear,435188
"affiliation,",909901
weird,4642349
Professionals,192491
2,5192024
charging,907850
"fucked""",733623
"much""?",349018
baby.,173823
"animals,",320531
one-up,532086
revealed,871023
"Why,",508706
Last,4394625
Reddit.,5927569
commend,421708
medical,2218043
Kickstarter,1877598
customers,3815245
"cd,",404429
professor?,936579
San,3656
giant,1786004
debt,1425538
caps,1890692
Egypt,199970
moment?,14501411
bank,725631
remain,3515676
story?,13930872
pulled,553581
unaware,2948657
September,1356004
insult,322431
worse,632253
"shit,",2612559
Know,1675995
can,58849930
people.,1054993
number,1702545
"in,",3507060
pulled?,2219034
broadcasting,1459220
effective,1040327
"someone,",895548
19,1734172
"house,",732614
location,737628
room.,707665
disguised,577084
conspire,375703
complete,7585005
cheering,1057093
marine,2712008
ever?,473800
It's,781552
User,2047473
priced,1630625
deserted,114303
dedicated,1957938
shot?,868982
"biggest,",697711
stopped?,804060
send,706970
school,10772154
mine.,3126944
"""Dick""",534041
Should,2670548
imposed,162632
pointless,1893319
often?,3112359
demand,909901
shouldn't,2362748
understands,301586
something,49076266
Do's,1607016
alcohol,307264
Ask,2256347
cannot,4616036
person?,857510
Venice,218682
hotels,60705
"partners,",965454
hours,6818200
weirdly,34903
lingerie,628301
hearing,1371579
check,1813545
acted,1486513
I,222990979
looks,1276756
race,1800268
pour,723631
sunk,64390
pieces,2514493
copied,2017388
pit,1758723
"deaf,",1550981
"class,",1583569
despise?,887366
notice,315734
country?,1370323
There's,707665
late,2303279
fucking,6520063
an,59183842
happy,755683
agreement,2038340
hard,3265044
choose...,866939
bullying,1316186
infinitely,335713
"times,",243092
"problem,",1029871
company?,2642127
bell,1803378
jail,725631
alternate,1194490
poor,2099602
Germany?,1546355
ago,1313176
share,4040762
able,305640
viewing,1343498
trilogy?,1059191
"""grey",871023
punctual,1338253
Gift,2052145
serves,899646
replace,2639842
(10,1495671
right,8393739
"update,",1751330
questions?,965062
smother,630274
driveway.,1484228
"fact""",1320591
"in""",1338253
"murderers,",1919840
period?,1246357
"inside,",3081921
imprint,3722870
decided,5597259
drives,697235
Tolerance,526225
nudity,57009
costume.,1327872
shops,1432058
unclog,1618802
(at,988236
ur,683794
library,1438830
size,1770451
Disney,444832
HIV,431332
Experts:,1663993
"""little",1320591
marriage?,2011562
delivered,391011
rammed,1702545
'do,1983006
created,3324229
arrests,1222617
bombs,1154250
new?,1141504
mission,842527
weapon?,1585902
firewood;,1678400
cat,1742046
town,289898
"""steady",1475117
pull?,810128
8th,1564917
nights,755683
levels,398681
RSS,1985826
"""meeting",753675
acts,1002125
"doctors,",1274580
alive,1454677
acquire?,140281
mom,7026604
Apple,2463677
like,40453354
telling,384401
was?,1808499
true,3068407
quotes,1387208
witness?,263793
"gem""",1642511
one,55680159
50,1177675
clinically,755683
confession,1274580
logic?,3216560
screwed,1025690
should,53059811
marketing,1678400
assist,616468
Ghosthunters,2063104
C-11,942752
cost.,448691
shows?,31223
"""I",4929944
Tech,1927923
"thing,",2000066
propaganda?,541848
used,5381222
cheats,2179266
1141,316735
Every,2159044
catalog,707665
shut.,559450
Smell,1675995
forgetting,1420816
non,2859616
Owners,1974574
"Today,",4357219
photo.,504822
wife's,2141022
power,3421670
happiest,3280387
same,3306753
minds?,1914496
homes,1376042
flaw?,450620
tasting,586919
trick,6104889
"""Fuck",1618802
fascinates,891458
OK,433263
View,316735
come,12087285
attic......,1504836
(e.g.,502883
deleting,1695279
road?,66238
heavily,160770
Female,988236
shows,4599489
Un,71779
computer.,1793484
interest.,101344
"neighbors,",1919840
blocked,1991516
shaved,814169
fight,3906019
"cheap,",724775
Early,1257182
hit-and-run,2020325
mine!,1911828
pics.,462194
strangest),731626
reason,7745079
seen/heard,288345
Eye,1057093
touched,110592
Life,2580510
overly-complained-about,1207586
mix,797360
secretly,4298104
Doctors,1423241
It,1652172
media?,1276756
"$1,000,000",1597615
"wrong,",725631
tv,1602311
songs,1482509
urinal?,1724413
expand,1263693
revenge?,644114
plastic,918104
advances,1126663
minute,158904
differently,181281
hacker,661947
thing/situation,1654432
"""won""",648073
monitor,1261520
permanent,2579092
hurting,49633
portrait,669887
Cute.,149591
safe,661947
"etc,",1084418
ingredients?,106892
knows,2213476
riddle,1481945
have?,7292381
Marilyn,2127635
(and/or,731626
hearing?,1470573
Vegans,1611726
video?,1103397
real?,701699
guaranteed,1625885
badly?,862871
depths,64390
hadn't,655996
AMA,1550981
dark/creepy,2032263
/,192491
differently?,571205
regret?,1773556
photo,1541286
viably,194359
ramifications,493177
bending,414019
"about,",2968617
clean,1170046
visit?,1781018
him/her?,387534
female,1693358
"to,",1898573
butts,1997217
Dear,4966037
per,2954481
"stand,",231814
tapes,1025690
popular,4027266
website?,2072747
dying,316735
Redditors,7950592
Virgins,543806
example:,235571
today.,640264
cash?,1252849
boycotting,1237703
conversation,1485459
doing.,134711
pants.,1673598
inner,1901204
money,4120702
Adam's,1539417
"""organic""",1678400
totally,6015993
despite,1287668
wasn't,6864287
began,755683
until,8385007
insignificant,1592924
$7.50,928366
"brother,",1429808
easter,2173909
physically?,119865
bring,2906888
reign,2628375
exists,3147881
(aside,164490
die?,131002
bar?,269451
pet,834401
Megaupload,1739059
4.9,471869
song?,711858
semester,1420816
explain.,1717105
know,58442486
week,3273034
10,6273710
"forward.""",1564917
"millionaire,",626328
apartment,1466027
Laden,1113965
"vacation,",895548
paper,2017388
"criminals""",1862001
"night,",3760326
text?,1695279
surprises/shocks,717639
inside.,3177242
small,3382491
Women,1709546
recordings,1327200
"iPad,",1874998
"""Go-to""",1013189
pain,1702545
wifi,288345
ordinary,162632
ticket,423632
overlook,1766117
technology,6490530
[shutter],504822
underwear,429408
could,31349990
iron,112446
paranormal,125426
felt,810128
kids.,895548
51st,1447881
spankbank,1514041
government,1739059
collar,112446
fear,2038340
flight,3785353
friends,8230779
"Mama""",500938
drugs,932613
music?,1307393
often:,763730
facts,3464858
truthfully,110592
off?,767752
life?,10977001
treat,571205
customer?,20187
"7,",421708
cheating,1353783
having,5340871
She,3464996
Not-so-popular,1015271
"country,",275117
continued,1059191
ran,1281724
app?,579050
orders,1296428
quote,1919244
names,1333829
Real,2580510
moment,6913171
fun?,58858
"morning,",1564917
only,14331190
uncontrollably,1795978
[NSFW],57009
begging,1983006
hacks?,2453615
wedding,810128
Geico,1630625
return,3115898
"worse""",797989
life.,504822
"1000$,",725631
Indian,765739
cooking?,2150759
snack,1248590
"ago,",3903304
phone...What,454476
June.,286452
thought-provoking,1647279
said,14719078
works,5097865
current,5098898
subreddits?,1279445
harmless,2427287
switch.,421708
attempt,1898573
"crime,",408264
"""Do",179420
lady-tips,814169
cops,860830
stopped,3676992
motivation,1289854
what?,2171204
enamel,320531
beginning,681808
TL;DR,1461484
decipher,1702545
seminar.,1666390
without,9693686
GORDON!,1004861
useful/fun/helpful,1793484
Mello,77318
they've,2372857
graveyard,168224
Tell,1289854
prefer,1695279
probable,940693
wedding?,478998
pornography,1298618
guy's,1702545
during,4099601
Throughout,392927
keep,9828949
employers,1819802
decibels?,433263
"whiskey,",723631
100k,996543
truck,1818605
Can,9614207
benefit?,871023
products,2629865
pooped,1673598
United,1479912
"done,",1991516
barcade,899646
sold,1630625
find.,535992
sit,2495886
remove,3128209
"home,",1845251
evidence,190621
Memorial,1786004
weeks?,33063
work...,446761
"know,",709657
features,2372407
"Target,",1946955
achieved,1105506
election,3070331
aware.,297803
"harassment,",435188
gotten?,990782
angry,1192604
using,1497048
lighter,1242023
usually,3012278
stranger,5659469
cat.,871023
operation,871023
system,1438830
rich?,1594696
"possible,",1218792
kind,800014
acquire,1369349
employees,177557
expect,1567240
blame.,1702545
nothing,2466748
"""feeling""",502883
misinterprets,1790988
isn't,4720376
lucky,905798
00's?,926312
Ex-cons,1450144
inexpensive,1649663
equipment,1331613
Who,11079515
someone's,5517761
Moose?,2063104
spends,1078099
everyone:,360447
Vampire,261913
generations.,735623
blow,7342103
6,6611901
have,151336455
flipped?,62548
physical,504822
switch,683794
Baptist,1003064
military?,675852
wake,2100506
gas.,905798
birthday?,992395
off.,66238
"said"".",1156373
national,3700939
"married,",673865
won't,280779
mentally,1109737
HIDDEN,2041381
hairdressers,20187
"minutes,",3008898
ACTA,1616443
famous.,99500
older-you,650054
Evanescence,1152125
"Shit""",412101
confessing?,1274580
enlighten,1890692
ceiling,644114
men's,86558
"see,",592826
thing?,971657
heinous,502883
of?,20551688
superpower?,793952
"evening,",175689
Harry,286452
posting,462194
prevent,775804
exceptionally,2092789
students,6876405
woman?,97650
SNL,624352
house.,1874998
web?,836433
Siteadvisor.com,661947
enough.,810128
"there,",462194
chance.,1734172
Eggs,1181936
Debate,648073
boost,1242023
missed,3004701
College,2116383
considerable,640158
backpackers?,687759
Colby.,360447
appear,5082280
"quick,",1736616
money:,669887
sell,2802247
IE,924260
"overnight,",1373808
documentaries,844564
explain,3028920
"that""",1038234
establishment,810128
trunk,290235
functionality?,2099602
"whiskey/scotch,",406344
few,4830185
voter,392457
mean?,2053651
"food,",1787827
abusing,360447
leave,2290591
television,741632
mainstream,1255015
later.,145864
"professor,",1472841
hidden,205573
a,399484251
81,252494
vocals,826304
it',971657
"pizza,",243092
weirdest,5493808
intending,1898573
soda.,3237604
no,19607997
manipulated?,88404
Augustus,2131320
Lets,316735
yourself?,1721512
due,4586279
grade,1222617
than,10690902
Submit,1175538
hang,2281581
"(hilarious,",2096194
co-worker,663936
Reddit,31454182
significant,4227483
pissed,1828184
headstone,168224
tag,1046616
clogged,1618802
live-commentary,99500
phone,2271969
world),1128786
"years,",3090749
"tradition""",467998
"uplifting,",1729281
run,561406
SIMPLE,986164
rejects,602667
weakens,495116
screw,375703
compressed,186882
is?,1527972
own,6597935
humor,969591
useful/cool,196231
engaged,1285488
"Flags""",705672
Create,1675995
assassinating,940693
children's,1305194
Leno,1491088
airport,1768535
dating,1971761
significantly,3342668
getting,11943348
best,67808356
follows,727627
Subtle,1479665
badly,2173409
For,2936394
"whim,",2961676
lengthy,1025690
reason.,755683
scam,1971793
wall,1786004
attracted,632253
app,1800981
minor,1371579
Turns,218682
war?,2762585
obese?,669887
you,593879975
home.,763730
buying,1692863
As,6971642
attended,848627
attached),286452
meals,2216875
writes,14677
"smile,",777821
disgusting,1746424
milk,998616
difference,2092789
sister,3427820
need,8745116
anyone?,1602934
history,5241072
politics,1358229
well,4263584
grilled,166354
Throwaway,3583029
$1,3326072
aim,1751330
freaked,1113965
exist,812148
memory,1405116
subtle,2010866
micro,186882
terrible,2764548
intended,181281
[possible,1654432
better,5427740
"belt,",723631
'tell',547710
salesman,495116
begin,3195881
once,10537285
McAfee,1323894
else?,1387208
WE,1004861
mundane,1654432
these,4083189
scandal,1231231
maintaining,685778
e-mails,1734172
Hitler?,940693
syrup.,1154250
Disneyland,1675995
classes?,1697699
employee,273356
"stranger,",2340528
problems.,1389449
toilet,1101289
HOW,988236
plagiarized,1734172
running.,1057093
sea?,36737
creepiest/weirdest,168224
Desk,226184
films?,1461484
obtain,286452
buy,3107679
video,5872976
my,104369522
she,12898888
great,8807274
or,79864410
coffee,4389280
improve,411251
grew,2554475
"""how",282671
interested,3392721
beautifully.,1152125
research,1224774
so,27967317
"early,",427481
"colorado,",1432058
"craziest,",2161915
act:,112446
assumed,1067590
most?,539897
child's,600697
growing,1969112
field,1276756
Older,2085311
celebrated,456403
beating,421708
earth?,1560268
today?,4963953
doctor,2483654
jacksons,1113965
called,2641853
"""fuck",659962
writing?,2092789
it's,11687621
pizza,218682
inside),959252
months.,1666390
caricatures,669887
paternity,1382741
myth,1470573
"Lyon,",316735
ability,3545850
him,5312433
"job""",1475117
outings...,157041
seeing?,1555628
talking,2239083
improving,2099602
accept,1825797
line,4954337
there?,1946955
years,10263444
fries.,218682
city,1082312
"increase,",905798
learned,8529101
hasn’t,286452
drinking?,522326
"""cancer",707665
"crazy,",1080204
Using,1418567
blown,3562059
oldest,642136
"masturbation,",600697
second,1734172
different,2375444
SHIRT.,112446
"pee,",1101289
people?,4663351
hated,1063387
between,3584695
"""truths""",761714
killed,2464588
doesn't,11062816
studied,218682
french,218682
disinformation,260028
teenagers,1429808
Tattoo,497661
GE,3577812
dancing,1356004
hours?,893500
matter,1625885
dumbest,6358050
"magic"".",559450
Chris,1836371
by,22080911
moments,1746141
supreme,497055
walk,363818
truths,1031960
glaring,301586
artists,23861
everyone,33161308
was:,848627
gym,1025690
hooked,671876
morning.,648073
NSFW,5571741
"again,",337612
theme,1425310
else,6385802
example,850665
legal.,2159044
epic,1486110
became?,1659211
may,2871753
rich,2921854
picture,3237938
hit,788021
"acceptable,",765739
offer,3295616
co-stars?,551626
"ideas,",2008675
drain,1618802
station,1025690
stumbled,1023603
hole,779839
Ride?,1675995
species,1373808
automate,3874584
"day"".",149591
collect,489305
Admit,358541
"""work",1880207
survey,1583569
All,316735
strange,153312
Tyson,1054993
"once,",1813545
truly,5669173
whatnot...,1919840
conspiracy,2588403
And,1209731
bestow,1539417
farm,930417
Latest,235571
dived,437113
"asshole""",581019
web,3977342
policies,1946955
med,1432058
sells,1678400
"technology,",549670
sentenced,883276
NSFW?),1856851
sing,1152125
Bank,907850
air,2915776
etc.),1277042
east,1828746
Dad,1242023
impress,1466027
"reunions,",717639
total,1177675
hands?,110592
norm?,1721974
(NSFW,1151743
"""flashback""",2072747
"staff,",1084418
include,1263693
pursue?,1625885
co-workers,250614
fast,905798
legs,814169
tomorrow,640158
aware,2932393
Noah,316735
lives?,916051
male,414019
property,2047473
task,757696
carry,493177
slogans,1347120
refuse,1706021
relief,1274580
that's,3645907
topics,2011562
enforcement,1088634
supposedly,1726849
NSFW],1096463
appeared,1090743
crew,1356004
catch,856757
meat?,1611726
fathom.,1065492
good?,1588238
un-invent,229942
"tabs,",1808499
profession,3267085
panel,549670
Married,5304776
news,791779
away,4468820
entirely,450620
Marine,2131320
encouraged*,2154855
opposite?,1466708
volume,452545
Reddit-,1316186
who,32998518
care,930417
walks,417869
"Redditt,",497055
"street,",437113
store,3236809
"""then",797989
carrot,663936
Safer.,526225
carton,77318
filled,2717983
didnt,86558
skin?,685778
what's,30826426
someones,889412
seconds?,127284
you'll,914003
circumstances?,1248518
Asian,765739
deleted?,1836371
soft,77318
disabled,1109737
Why,31543073
won,875104
lifespan,1640123
ever,101660743
bed,2131469
hitch-hiker?,1719539
inaccuracies,301586
choice?,2365882
others,2775237
frowned,1441091
likely,2567872
bars,471142
daughters,1403398
teaching,1957938
"is?"".",179420
acquired,588972
reading,16512
fact-check,549670
overlooked?,2728934
Jersey,456403
boy,316735
Example,1856851
crisps,128780
you've,73452305
"face,",777821
slogan?,1630625
died,3217499
sworn,914003
$5,1079200
said...,569245
gift,4073398
finish,406344
cultures?,153312
grandmothers,179420
dinner,1555628
cousin,1429808
"""The",2283327
naked,290235
caboose,456403
71.,642136
cultural,1721974
aiming,177557
compile,2179266
5-10,295915
"""caught""?",1250683
"go,",33063
"read,",1743967
characters,1034000
parents,8219422
fan,644114
hate,3815682
problem,4155152
"shelved,",185015
inscribed,168224
$15,530128
"professional,",852698
forget,1367128
other.,592826
"u!"")",683794
them,20289991
kayak?,918104
around?,18350
shopping,864706
right?,502883
"""American",218682
England?,144001
blackout,1127767
form,1084418
48178,316735
Liquid,194359
friends?,1912677
parenting,4481480
creepy,1256151
skill,4242583
spin,375703
NOT,5485621
foods,1438830
"So,",2409149
"medicine,",1126663
perceive,288002
think,45271244
simple,5603025
knocked,1152125
"smarter,",1880207
about,72162475
kegs,1429808
would've,1126663
Fiber,1534801
porno?,303480
2060s?,1783515
Ive,1156373
dueling,2038340
theater,1609373
infantry,2131320
chose,1107623
individual's,1862001
WW2:,25703
dialogue,452545
moderators?,1071791
heaven.,123569
does/has,612529
they,42823579
documentary,1944217
coin?,153312
Research?,1877598
ago.,1978300
"negotiating,",2079327
strangest,4588760
mere,112446
headline/context,1808499
story.,16512
recording.,535992
two,10609318
"Ideas""",1668788
pass,118010
distortion,1276756
important,207440
free,9308349
profanities,2127635
sex,6019973
weirdest/strangest,36737
"21,",82857
committed,502883
kept,362353
unsuspecting,502883
"mom""",1021520
racial,650054
benefits,3361721
hundreds,255932
911,421708
bothers,903742
Upon,1057093
baking,3326008
"normal""",391011
dollar,569245
illegal?,1441091
sure,6141180
"engine,",683794
hour,329998
Earth?,335713
kid?,856757
haunts,1493380
"job,",33063
"up,",2109220
pennies,1007139
arm,879189
"kids,",1242023
here.,1452823
websites,13373807
somethings,448691
floor,2343312
job.,3232283
"""There",731626
abandoned,1376042
evaluated,1811022
Cops,375703
"joke""",402512
"Mars,",1163058
appear.,862871
interview?,3005418
"less,",530128
nuclear,2079079
etc.,2949606
worldview?,1595271
favor.,1550981
4/1,7323
taking,4172655
film,4502996
2003,1574233
North,2079079
"rent,",489305
ban,162632
true?,4138171
bad-ass,1057093
same.,404429
controversy,850665
"""cause-and-effect""",1734172
laugh,2312464
students/20-somethings,1957938
"out,",778254
herself,66238
"influence,",973731
criminal,1874998
"so""",1393927
mentioned,1116082
examples,1353783
spawned,55166
black,228063
stigmas,25703
Possibly,2824726
Series?,565325
50%,1678400
exchange,655959
this,39995759
drying,1101289
installed,2168604
whenever,243092
old.,471869
Egyptian,464130
patients,170095
"sooner""",3712496
missing,679822
lets,1922527
"""Moosehunters"",",2063104
childhood,2081531
'knowing',2743158
villain.,1849146
hysterically.,1101289
"person,",2313969
censorship,942752
scenes,1555628
Standard,612529
shit,9909598
WHILE,112446
"(""hey",683794
upcoming,467998
family.,391011
cancer.,316735
haven't?,1139384
nobody,2856791
recently?,4626640
dryer,1101289
it)?,1867186
society,3760314
Empire,2131320
"power,",47786
White,1276756
shit?,1603668
substantial,235571
play,4178996
20's,524278
super,1716574
shaving,1539417
time!,2198059
purchased?,1122428
deafness),1550981
(Keeping,1358229
isolated,751670
turned,9174337
soldier,330015
im,1384970
profound,170095
memorable,700392
1944?,1356004
"""holy",4053904
s,144001
rebellion,640158
done,17321450
[Serious],3544472
Does,5936620
reasonably,1567240
grown,1611726
episodes,1052903
later,6156676
family,5424457
from,54814379
Assuming,335713
arousing,303480
Scientists,301586
home,3939789
hun,683794
"Reddit,",128473885
question;,280779
dad,4192764
impossible?,44106
withdrawal,1514041
farthest,1562595
misunderstood?,1063387
States,1479912
chord,2743158
txt,454476
treats.,497055
thing,76933129
55-page,707665
handle,1246357
sauce,588888
wanted,3167724
companies,6098565
"meet,",592826
person,22817984
"now?""",1426321
superpower,1128786
comments,2006466
"work,",250614
inexpensive),1983006
Wikipedia,1378273
Fuckin',559450
fans,2961957
sensation,231814
$360/year,661947
sound,957367
figured,2020325
standard,33063
stood,1268051
Won't,1432058
US,7295404
"anything,",787905
morbid,1139384
stamp,84706
"laughing""?",1911828
reception,810128
huge,2792493
backfired,224304
Reddit's,4069504
21?,278891
e-pay,169412
mother,1356183
wiser?,429408
marry,273231
mental,4460518
4chan,280779
rated,1697699
At,2974878
mind?,3103320
physically,210535
Here,1647279
encounters,2127635
left,3913931
possibly,4417792
service,1614427
side,767805
"""You're",349018
identical,871023
encourages,280779
racist,379530
"reddit,",16742505
future,4924567
million?,1009020
instead,6412296
consider,1795823
involve,2783226
change?,1545601
received?,731626
bomb,82857
"bill,",942752
After,1292770
issues.,222429
Where's,1211877
"Sprite,",77318
prison,3364167
&amp;,3108122
MUST,4080038
plot,1354961
hospital,2995311
date?,1944519
"host,",1846587
premise,1602311
wasting,2667046
paradox?,1671192
celebrity,3639373
hair,1704970
not-so,1188336
"philosophies,",1640123
talks,34903
cross,1120314
politically,190621
entrance?,775804
Often,1109737
day,14363557
live,3077064
messages,454476
intact,55166
sizes,235571
country,1581061
"coincidence""",697711
bought,3760232
"taxes,",1192604
because,23241986
supermarket?,998616
girlfriends,975808
of/seen/experienced?,440974
Francisco,3656
handshake/high,602667
"so,",5676656
dad?,1278940
taxed,2146759
questions,5526168
us.,871023
sticks,1888067
intercepted,1175538
maps,1919840
all?,2788819
against?,650054
rush,1111062
Based,940693
her.,2057746
"$100,000",1625885
confusing?,55166
girlfriend,4804727
Which,11672686
psychology,1371579
prisoners,14677
"kid,",2827326
wouldn't,4174121
requests?,175689
Divorcees,273231
drink,3023030
"live,",624352
course,1809248
Dermatologists,685778
recipe,106892
read.,777821
"""stupid""",466066
notes,1175538
bread,998616
spreading,260028
uncle,930417
Childless,1628254
appearing,175689
cyber,1316186
clearly,639401
Cop,1209731
humans,3385225
Pangaea,1019435
knock,2986116
man-tips,1539417
ate,64390
hates,1511738
path,1969008
Shack,789919
grow,1350108
system.,697711
that,267802911
How,41514370
just,35083435
retaliate,763730
"world,",2404864
shock,1783515
resolve?,1371579
adult...do,183147
paragraph,2047473
regularly,2879726
reaction,23861
flabbergasted,800014
paramedics,1274580
Say,883276
try?,442906
same?,235571
opinion,1158501
"""fact""",769761
watched?,2291330
available,2986584
somebody,1555647
passing,1137268
"I?""",282671
reddit?,6764497
coin,654016
basis,808102
appropriate,840493
prank,8474755
themselves?,2960431
shooting,1786004
the,630522480
Wealthy,1270221
affected,642136
helped,1338253
know.,1338253
word?,567287
comfort,763730
Reddit...,1004861
etc...,157041
Granola,235571
outfit?,646096
fat,123569
we'd,243092
"police,",1274580
rudimentary,92102
Chrome?,1418567
someone,36806998
head,3180910
tradition,967523
women,3004322
turns.,725631
IS,360447
cakes/cookies,88404
thread?,840493
"month,",1771074
upon,4004111
Under,1248518
"superpower,",866939
voting,1194737
knowing,12840
guys,5780516
age,278891
ice-cream?,1583569
of/from?,1649663
heterosexual,305371
young,8376766
textbooks?,1116082
bad.,1331613
hints,2124479
license,3722870
"off,",2759638
Romney,1924829
offered,529913
ready,1263693
effort,252727
massive,1441143
"""SNIPER""",437113
mind,5653276
fraud.,190621
breakfast,547253
"offenders,",1919840
'protein,444832
grandma,429408
"""go-to""",1690445
being,25234223
allow,2038340
"me,",3328424
Are,6720426
sake,1562595
"character,",940693
person.,1384970
plot-hole,1463758
mix?,1216162
reconnected,1659211
dare?,638180
offensive,2064573
cliche,402512
relationship,2212337
funny?,1882822
"employees,",1199017
WEARING,112446
usefull,1800981
sd,186882
crime?,502883
protect,630274
calls,34903
looking,3143583
When,13010563
putting,3075865
"sitcom,",213058
friend.,1224774
sounds,5817481
thinks,4288459
sour,1017352
interesting,5592530
Nast,2047473
desired,1369349
unexplained?,1925215
fools,1429808
closer,1333829
did,42010137
wheeled,755683
update.,657983
Puerto,2895762
convince,1358229
butt?,414019
die,286452
every,18399075
regret,1628254
hours.,175689
attached,138424
overweight,663936
leftists,1936062
often,4261302
private,1172955
saving,1052903
it,110556292
buy?,1501432
rally,650054
announcement.,194359
gives,3547220
rock,697711
coolest,4336215
passenger,1590583
cover.,437113
feel,11142164
phrases/euphemisms,444832
sixty,916051
request.,16512
cooler?,2193231
track,404429
Truckers,1818605
through,10366589
baptist,1786004
"hearing,",1371579
generation,650054
clone,320531
"Redditors,",2197352
tape,175689
"it,",1754801
reasons,1654432
tripped,437113
Bilingual,820234
required,1527869
low?,920160
somebody's,1360455
Stalin,932470
application,138424
traction...what,654016
Yorkers?,1828746
zenith,64390
show,11897483
ask?,1309595
Codes,657983
built,1360455
volunteer.,1120314
though,2574710
5,3623650
In,6123561
married,783877
"""Test",2109928
"PI,",1974574
Russia?,932470
tricks,7420585
witnessed,2411330
wishes.,286452
witnessed?,1437808
our,9166597
online,2813694
ID?,307264
motorcycle,1585388
"years.""",1289854
days.,561406
Small,297803
amount,6003219
"rings,",901689
[Update:,2138856
URL-hackable,1854286
to,414279447
song,4641208
road,1818605
original,759709
solve,1389449
in...?,417869
keeping,2611312
me;,1564917
confronted,86558
decomposing,918104
"trick""",2069505
proceed,288345
(1),1555628
details,1285488
Sailors,1988671
demand?,518427
acting,1044517
"parents""",753675
Houston,99500
relaxing,1516346
back?,2405507
Drink,1652046
raided,1432058
weight-loss,1666390
regretted?,1623522
unsettling?,155178
0,127284
supercontinent,1019435
people's,2092789
Computer,2083781
must-know,1179804
patient,9163
partner,2773452
redditing?,1793484
add,2549204
entertainment?,1318393
TED,3828052
language,3160822
crack,243092
bedtime,16512
but,54460601
stomach?,1758723
longest-lasting,1122428
gross,389094
positive.,431332
Don,1890692
short,2848446
Muslim,646096
digital,1609373
pull,1577835
relationships,630274
long,9193825
afford,808102
"""inside",402512
"profit,",14677
punishment,1040327
But,4662553
"insurance,",82857
him.,3697914
months,3932585
goes,3616998
"want,",483490
belief,1717105
"""Presidential",1084418
"car,",1992780
Youtube,64390
"screen,",524278
(various,549670
ugly,669887
truth,1862954
idiot?,2355350
lunch,1554263
"Corrected""",1960698
Those,1980046
pulled.,277001
pilot?,1468298
well?,1527869
makes,12663285
single,10812363
drinks,77318
how,24172193
laptop?,2168604
Chefs,4126387
please?,2047473
tip?,309159
today,8352701
has?,967523
I've,8088599
unsolved,4646356
refuse?,483490
similar,5655894
contemporary,932470
why?,8369389
mechanics,1416321
library?,158904
survived],2138856
Stuck,1673598
will,30960395
becomes,2458694
kill,1316186
illegal.,1432058
"go,""",911951
confidence,2079327
bizarre,4375648
cool,7092596
TSA,2663226
gangs,331916
akin,460264
villain,3161361
science.',1983006
Stewart.,175689
kid,6394990
period,282671
thus,282671
"registry,",1955182
Haitian,34903
attractive?,1188336
"accounting,",549670
tonight.,1652046
"photoshop,",1405116
strangers,1370647
dealt,454476
classroom,576690
vets?,25703
"""It's",149591
currently,969568
hood.,1416321
exchange?,497055
harsh,79162
tattoo,604802
guilt,1493380
believe?,4615943
deeply,2551377
why,13861014
"""friend",22025
dice,725631
home?,1340466
civilization,12840
sense,1381354
rules,1131975
Bike,18350
EVERYONE,763730
utterly,1360455
meaning,1387208
Reddit?,4968304
mystery,4101974
yours,1576562
earn,241215
commenter,866939
longer,3587078
his,18640057
pick-up,1520958
hated?,1307393
funny,1375055
SENSITIVE:,419788
interests.,1263693
"creepy,",1080204
days,2193382
40,1054993
indulge,808102
moved,3364549
audience?,243092
Not,1630625
"India,",1344903
after.,731626
father/Redditor,360447
loud,452545
unreadable,1548667
outlandish,2096194
trash?,889412
replied,1734172
slinging,331916
crazy,4823786
fucked,3976395
something.,1468298
remotely.,994471
for,119309154
polite?,1124545
insane,2077577
generally,1078099
countries?,218682
regardless,2875606
non-profits,1438830
accident,375703
Sesame,1468298
Scientific,1877598
letter,697711
"lives,",1333829
managed,1678400
foster,1376042
remember.,456403
breast,707665
females,656294
watched,1644073
appearance,2079327
sugarcoating,1289854
movie/TV,701699
reasonable.,290235
embarrassing,4583149
kidnapped,145864
options,661947
waking,2664890
battalion,2131320
were,41445204
dosage,541848
let,8598298
picked,1800547
three,4163430
menu,1199017
"""helicopter""",288345
lost,3233861
worst/creepiest/weirdest,1011106
Rico,1447881
quirk,1411831
guy,11754671
"forever,",1061288
school's,901689
downvoted,280779
worried,1389449
happened,11241145
SAFE.,360447
World,751670
planned,895548
intellectually,2076026
"""check",1338253
went,6195757
"beginning,",982029
"Island,",1356004
alarm,1395422
professionals,1137268
freedom,862871
next,9134101
good,14382907
couples,1544037
simply,4945748
longer.,1825
save,3037508
on/witnessed?,715642
served?,883276
honestly,2936384
"""People",1599964
oncoming,800014
believed,82857
at-risk,1120314
adult?,2066602
wing,1233385
held,659108
married?,946870
cd,404429
go-to,2725936
"harder""",1880207
Taxi,1445616
cope?,751670
read?,3404508
"""dares""",761714
update,1751330
personal,1044517
"misconceptions,",435188
we're,1429808
"""IT'S",149591
apparently,2365072
movie,23583899
plate,2020325
tragedy,2029249
NSFL),192491
lists,3002617
Redditors...,877146
I?,3874584
share-holders,2047473
older?,994832
re-examined,1027779
ideas,5859849
smart-ass,608585
been,28276210
"assault,",435188
humanity?,795973
"Halloween,",663936
UNDENIABLE,190621
five,1373906
"high,",335713
ideas?,252494
Ireland,1873461
"paparazzi,",2127635
wrong?,1972025
door,75473
highest,2571318
off,4660290
"happened,",573163
regularly?,1109737
car?,1692863
purchased,1429808
functions?,2099602
"""met",729624
weren't,354727
please,3156544
want,26947248
friend,5688979
there.,3761689
meaner,871023
prices,235571
taco,429408
mess,1044517
buddy,1678400
son?,360447
must-have,955117
seemingly,1416321
starts,2255554
crime.,883276
animals,1827263
job?,1406299
capacity,1373808
muffin,469935
urging,997406
smartphone,504822
"start,",1475117
Joseph,932470
any,22196449
"you!?""",1484228
powerful,3418694
coma,883276
Muppet,940693
thoroughly,250614
Personal,526225
discreetly?,922210
Swallow,1539417
mindblowing,1927923
"yesterday,",168224
managers,177557
special,175689
fictional,824282
very,3381504
are?,1048709
beef,683794
watching,2628429
ingredient?,477671
chills,1788497
Owners/Employees,307264
appearance?,233694
packaged/canned,1438830
preparing,960003
unbuckle,723631
million,875104
allowed,3610400
full,2387154
rooms,1084418
remembered,2480367
"""mind",2069505
become,5247103
experts,549670
takes,899916
regular,1092658
unknown,2352143
do?,6071433
out,60689418
area,1645569
"29th,",1356004
enroll,84706
"question,",1124545
"her""?",879189
considered,1120440
repeat.,404429
manager,250614
bill,738722
soon?,1447881
is:,316735
lie,5094871
parents?,1203013
hell,5313848
torrents,1459220
honest?,930417
knows/should,1133025
time.,1052903
story,15807070
side.,45946
actually,21952949
lame?,1668788
habit?,142143
beep,614493
ad,158904
Church,763730
Church?,239334
book,9031965
Your,1084418
(Letter,286452
Having,895548
word,2881878
Facebook,909901
Small-time,998616
boyfriend/girlfriend/relationship,1856851
end?,1360455
time?,5083123
death,4766433
quit,2198748
"leave,",1475117
"""No",911951
Mike,1054993
RSVP'd,1846587
student,2077056
Presidential,648073
England,123569
he's,2017388
believe,6964986
recieve,311053
us,12019937
*Modpost*,526225
"man,",1565929
"hindsight,",273231
partner?,632253
worse.,311053
films,1831287
car's,1242023
LIVID.,1285488
also,646096
1950s,1090743
really,15626617
confessed,1734172
dare,1484228
torment,379530
before,12152308
prospered,101344
My,24059535
niece,1932382
posted,280779
nice,1788481
speak,2079327
"quiet""",349018
affirmation,541848
useful,8247664
impossible,1601484
senior,1027779
canceled,810128
girls,3294514
2.5,471869
flash,1709819
benefit,1998694
"back""",22025
Funniest,307264
practical,1344903
population,1180055
"Craigslist,",671876
pizzeria,218682
"bad,",2000066
do.,1078099
symptoms,1414078
ones,1676136
name,2405400
enjoyable/easier?,530128
wondered,1656825
commercial,599390
hacked,592826
stories?,2877408
impacted,791044
penalties,260028
feeling?,75473
"""desensitizing""",1255015
"it""?",2014459
man?,1552134
gf,467998
speaker,144001
here,4948267
Just,4606021
it.,4394190
"redditors,",1270221
drinking,1171119
motivate,524278
Canadian,942752
nsfw),1859423
revealing,290235
categories,1854286
perceived,25703
frontpage,2072747
unhappy?,1776037
"stories,",628301
"cultural,",1546355
illegal,909901
survive,1126663
then,10692468
300,1630625
TV-Series,1621161
over-eagerness.,2079327
ruin,2198059
porn,1103397
Natures,235571
card,2061880
subculture,1186206
far,2494420
at,64504659
Wedding,402512
public?,4050086
downloading,741632
"Redditers,",932470
laws,1192604
"button,",1242023
its,2214422
Male,2559667
mysteries?,1150003
requires,1011106
participate,185015
Binks',31223
people-,673865
dreaming,524278
"REDDIT,",871023
looking?,116159
switches,277001
broken,168224
forgot?,745642
High,2398445
feeling,2711342
Anonymity,207440
celebrating,316735
NASA,194359
unlimited,3361721
turnout?,201836
motivated,822257
combat,1692359
creating,1276756
Help!,3199159
$300,1685621
dealing,1514645
"something.""",848627
rear-ended,2020325
wiped,55166
weeks,311053
inappropriate.,1120314
humanity,1074601
hostels,687759
us?,4873359
Millions,2099602
tricks?,1880207
completely,5012133
destructive,630274
human,4348708
town/city,433263
"explain!""",290235
site,6108907
object,912051
is,345375030
"cheating,",38575
Holiday,1869790
ahead,1564917
theory?,697711
gladly,914003
ginger,588888
gimmick,1678400
Fishermen,590318
fantasize,1169143
differences,2880184
Manson,2127635
Ladies,2982189
Details,1720524
trick?,1239862
making?,1544037
Reddit!!!),988236
monument,55166
you're,4234400
headlights,2159044
threesome,173823
age?,1027779
going,9318706
habit,1576562
"do,",1342949
paper.,2017388
across,1647279
darkest,969591
biggest,17323560
Turtledove,286452
tussle,1491088
Most,3451626
"over,",241215
act,4024905
horrified,1659211
glass,406344
am,6769622
statistics,1583569
effects,452545
"nurses,",1274580
(relatively),290235
identifying,2029249
had.,75473
cereal,4228998
intend,1242023
relationships?,992395
gotten,6697477
March,2020325
Sure,755683
unable,1597615
idea,4988137
what,184470695
shirt,112446
low,448691
reset,693728
"planet,",618439
television?,1731722
opinions?,1084418
zero,1637748
reddit.,661947
Korean,877146
asking,2598522
everybody's,410180
did.,961316
Shift,1080204
shocking,1859423
tracks,235571
hiding,90251
apple,123569
18th,1846587
forced,924260
naive,1054993
playing,2917988
attention,1569817
choose,4471416
room?,343310
"Documentaries""?",721635
bills,1432116
log,419788
of,360138640
cliffhanger.,901689
to?,5286601
NOBODY,369982
"change""",659962
front,10844981
removed,1836371
corporate,1946955
re-establish,320531
season,123569
tips,10709146
Unmuffled,433263
Westboro,2789068
lurking,462194
50s?,460264
understand,4581067
you.,3273121
(who,592826
outside,2690834
Corporate,582983
delivery,391011
foil,1890692
unsupervised,1120314
surgeon,118010
pointed,1101289
instead?,331916
constipated,616468
anonymously,914003
downright,1674987
batshit,288345
self?,669887
sudden,1101289
advice:,731626
insanely,1152125
secret,7923735
bloody,421708
worst,19989789
i,3335973
put,7141630
sneaking,600697
faking,9163
catch.,47786
item,4201177
theories,2079442
Conservatives,1936062
sales,998616
product?,1851714
drug,998616
Maybe,1289854
print?,994471
bookmarks,1263693
several,1581473
Roman,2131320
print,994471
corpse,464130
traveled,2131320
advertised,218682
babysitter,781855
fly,618439
talks?,1963461
themselves,3093087
storm,998616
Stand,1960698
eye-opener,1105506
With,2477944
rather,3664549
occult,1158501
"opinions,",280779
Kim,71779
post,7745362
body?,1509436
scam.,661947
installed.,419788
patrons,743638
Fathers...,630274
found?,352825
they're,1961812
"nip-slip,",1113965
was,100192297
"(yes,",988236
improves,588888
besides,1793484
do,128839941
Teacher,1175538
advantage.,1276756
found,14681232
Redditors.,1222865
"know,for",1152125
80%,539897
reduced,235571
wanting,2823989
explain?,2100831
pimple,685778
Gordon,1468298
joke?,2539267
dig,928260
response,1167013
price,3725567
build,92102
letters,1348506
"government,",640158
helicopter,563365
eating.,1704970
Radiation,288345
human?,171960
Jay,1491088
FOUND,1004861
men,3392467
later?,1753790
legal,3400861
"""meh""?",1369349
unanswered,498996
grain,280779
headphones,1057093
Ex,271341
corner,288345
"bit,",462194
liberals,650054
orders?,1199017
devastating,2163657
(This,190621
Or,1371579
Watching,75473
scariest/creepiest,1569572
client?,23861
struggle,1634799
15,3126914
YouTube,1795978
agendas?,260028
non-fiction,2050530
on,100908622
coincidental,168224
"legal,",1441091
"trustiest,",1122428
eggs,2173909
wizards,1748877
Historians,2813781
To,6908586
TV,5787505
"supernatural,",1158501
political,4113413
things,29507675
"adult""",729624
cynical,209311
ruined.,88404
"haircut,",20187
ocean,1988671
Spanish,144001
businesses,899646
based,311053
reality,2518432
workplace,3132404
you'd,1402659
surprise,1351951
"day,",858636
package,471142
hearing.,1550981
win?,606612
"on,",2597609
fine,406344
amongst,687759
cheesy,1520958
U.S,1331613
trouble,471341
increase,1522677
experience?,254782
internet,13648735
website/ad,1099181
"views,",1640123
"monologue.""",1901204
"Also,",669887
product,5110281
win,458333
entire,2827954
username,1695279
label,460264
consequently,1285488
hardest,3794929
popped,290235
wound,868982
thousands,1331613
seen.,68085
wikipedia,1522922
known,9562086
yelled,1921341
US?,330015
committing,112446
weight,335713
water,2771000
lungs,149591
ale.,588888
mindfuck,1391688
encountered?,1344903
"lie,",1997217
industry?,2476259
'grave-robbing',267564
beside,66238
4.21,905798
for?,3957363
Mi,316735
"laptops,",1084418
separate,2300580
